45389;0.7;0;45536;0.076;11;34;0.9978;18688;0.56;45391;5
45511;0.88;0;45445;0.098;25;67;0.9968;45325;0.68;45513;5
45511;0.76;0.04;45353;0.092;15;54;0.997;46082;0.65;45513;5
45333;0.28;0.56;45536;0.075;17;60;0.998;42430;0.58;45513;6
45389;0.7;0;45536;0.076;11;34;0.9978;18688;0.56;45391;5
45389;0.66;0;45505;0.075;13;40;0.9978;18688;0.56;45391;5
45542;0.6;0.06;45444;0.069;15;59;0.9964;45354;0.46;45391;5
45358;0.65;0;45323;0.065;15;21;0.9946;14305;0.47;10;7
45511;0.58;0.02;2;0.073;9;18;0.9968;13210;0.57;45421;7
45419;0.5;0.36;45297;0.071;17;102;0.9978;12844;0.8;45422;5
45479;0.58;0.08;45505;0.097;15;65;0.9959;46813;0.54;45331;5
45419;0.5;0.36;45297;0.071;17;102;0.9978;12844;0.8;45422;5
45448;0.615;0;45444;0.089;16;59;0.9943;21245;0.52;45544;5
45511;0.61;0.29;45444;0.114;9;29;0.9974;46082;20455;45300;5
45543;0.62;0.18;45507;0.176;52;145;0.9986;42430;0.88;45331;5
45543;0.62;0.19;45538;0.17;51;148;0.9986;42795;0.93;45331;5
45420;0.28;0.56;45505;0.092;35;103;0.9969;45354;0.75;45422;7
45299;0.56;0.28;45474;0.368;16;56;0.9968;45599;46753;45360;5
45389;0.59;0.08;45386;0.086;6;29;0.9974;13940;0.5;9;4
45542;0.32;0.51;45505;0.341;17;56;0.9969;45385;45505;45331;6
45543;0.22;0.48;45505;0.077;29;60;0.9968;14305;0.53;45391;6
45450;0.39;0.31;45353;0.082;23;71;0.9982;19054;0.65;45482;5
45542;0.43;0.21;45444;0.106;10;37;0.9966;42795;0.91;45421;5
45420;0.49;0.11;45353;0.084;9;67;0.9968;42795;0.53;45391;5
45541;0.4;0.14;45384;0.085;21;40;0.9968;15766;0.63;45482;6
45357;0.39;0.16;45383;0.08;11;23;0.9955;12479;0.56;45360;5
45450;0.41;0.24;45505;0.08;4;11;0.9962;46813;0.59;45421;5
45542;0.43;0.21;45444;0.106;10;37;0.9966;42795;0.91;45421;5
45298;0.71;0;45536;0.08;14;35;0.9972;17227;0.55;45391;5
45511;0.645;0;2;0.082;8;16;0.9964;13940;0.59;45513;6
45479;0.675;0.07;45384;0.089;17;82;0.9958;12844;0.54;45301;5
45541;0.685;0;45414;0.105;22;37;0.9966;16862;0.57;45453;6
45359;0.655;0.12;45353;0.083;15;113;0.9966;42795;0.66;45513;5
45541;0.605;0.12;45483;0.073;40;83;0.9993;16497;0.52;45391;6
45327;0.32;0.25;45505;0.103;13;50;0.9957;13940;0.55;45331;5
45511;0.645;0;45417;0.086;5;18;0.9986;45385;0.55;45452;6
45511;0.6;0.14;45384;0.086;3;15;0.9975;15401;0.6;45514;6
45299;0.38;0.28;45293;0.066;13;30;0.9968;44986;0.73;45482;7
45478;41275;0.09;45413;0.172;7;19;0.994;45415;0.48;45513;4
45358;0.45;0.36;45540;0.074;12;87;0.9978;12114;0.83;45422;5
45358;0.45;0.36;45540;0.074;12;87;0.9978;12114;0.83;45422;5
45512;0.61;0.3;45506;0.088;17;46;0.9976;46082;0.51;45360;4
45419;0.49;0.2;45445;0.332;8;14;0.9968;44256;0.9;45422;6
45299;0.66;0.22;45324;0.069;9;23;0.9968;45354;45323;45361;5
45510;0.67;0.02;45505;0.05;5;11;0.9962;17593;0.52;45421;5
45447;0.52;0.15;45293;0.054;8;65;0.9934;45538;0.56;45304;4
45480;0.935;0.43;45324;0.114;22;114;0.997;45717;0.73;45331;5
45481;0.29;0.52;45444;0.113;12;37;0.9969;45717;0.58;45421;5
45388;0.4;0.23;45444;0.066;5;12;0.9958;12479;0.56;45331;5
45448;0.31;0.37;45383;0.074;12;96;0.9954;11749;0.58;45331;5
45512;0.66;0.26;45474;0.074;4;23;0.9971;42064;0.74;45331;5
45449;0.52;0.04;45324;0.069;8;15;0.9956;45385;0.63;45391;6
45449;0.5;0.04;45293;0.068;6;14;0.9955;14305;0.64;45391;6
45451;0.38;0.36;3;0.081;30;119;0.997;45325;0.56;45391;5
45450;0.51;0.15;45506;0.11;33;73;0.9955;42795;0.63;45332;6
45480;0.62;0.04;45507;0.084;25;45;0.9978;12479;0.53;45421;5
45332;0.42;0.57;45385;0.07;4;10;0.9971;45385;0.63;45452;5
45419;0.63;0.12;45296;0.111;50;110;0.9983;46082;0.77;45391;5
45511;0.59;0.18;45353;0.076;17;54;0.9975;15766;0.59;10;5
45358;0.39;0.31;45384;0.074;9;46;0.9962;15036;0.54;45391;6
45512;0.4;0.4;45324;0.079;19;52;0.998;16132;0.64;45331;5
45480;0.69;0.49;45505;0.115;20;112;0.9968;44256;0.71;45360;5
45419;0.52;0.16;45536;0.085;12;35;0.9968;13940;0.62;45421;7
7;0.735;0.05;2;0.081;13;54;0.9966;14305;0.57;45513;5
45329;0.725;0.05;23833;0.086;4;11;0.9962;15036;0.39;45545;5
45329;0.725;0.05;23833;0.086;4;11;0.9962;15036;0.39;45545;5
45419;0.52;0.11;45413;0.079;11;39;0.9968;15401;0.58;45452;5
45449;0.705;0.07;45444;0.076;6;15;0.9962;16132;0.58;45483;5
45360;0.32;0.57;2;0.074;27;65;0.9969;46813;0.79;45483;5
8;0.705;0.05;45536;0.074;8;19;0.9962;12479;0.95;45422;6
45480;0.63;0.08;45536;0.076;15;27;0.9967;11749;0.54;45421;6
45480;0.67;0.23;45293;0.088;17;96;0.9962;11749;0.48;45421;5
45480;0.69;0.22;45536;0.084;18;94;0.9961;11383;0.48;45421;5
45359;0.675;0.26;45293;0.084;11;43;0.9976;11383;0.53;45331;4
45482;0.32;0.54;45414;0.094;28;83;0.9984;46813;0.82;45452;5
45512;0.41;0.64;45324;0.093;9;42;0.9986;19784;0.66;45422;5
45512;0.41;0.64;45324;0.093;9;42;0.9986;19784;0.66;45422;5
45510;0.785;0;45384;0.104;14;30;0.9966;19054;0.55;45483;6
45479;0.75;0.12;2;0.086;12;80;0.9958;13940;0.52;45301;5
45359;0.625;0.2;45413;0.08;27;119;0.9972;42430;45627;45300;4
45328;0.45;0.2;45444;0.069;3;15;0.9958;15036;0.56;45331;5
45511;0.43;0.7;45536;0.464;22;67;0.9974;41334;46753;45391;5
45389;0.5;0.47;2;0.086;21;73;0.997;13210;0.57;45300;5
45358;0.67;0.26;45505;0.401;16;51;0.9969;42430;41640;45391;5
45357;0.3;0.48;45505;0.069;18;61;0.9959;16132;0.78;45361;6
45541;0.55;0.15;45324;0.076;19;40;0.9961;15036;0.59;45301;5
45451;0.49;0.28;45536;0.11;20;136;0.9972;34001;34700;45544;6
45480;0.49;0.26;45536;0.062;9;31;0.9966;14305;0.64;45452;5
45360;0.39;0.44;45293;0.107;34;125;0.9978;41699;44562;45421;5
7;0.62;0.08;45505;0.076;8;24;0.9978;17593;0.53;9;5
45542;0.52;0.26;45536;0.079;42;140;0.9964;44986;0.54;45421;5
45451;0.49;0.28;45536;0.11;20;136;0.9972;34001;34700;45544;6
45451;0.49;0.29;2;0.11;19;133;0.9972;34001;35796;45513;5
45480;0.49;0.26;45536;0.062;9;31;0.9966;14305;0.64;45452;5
5;45323;0.04;45383;0.045;41;85;0.9938;27454;0.48;45422;4
45477;0.6;0.17;45353;0.058;17;106;0.9932;31107;0.6;45547;6
45510;0.775;0;3;0.102;8;23;0.9965;16497;0.56;45483;5
7;0.5;0.25;2;0.07;3;22;0.9963;45717;0.63;45331;5
45450;0.9;0.06;45414;0.079;5;10;0.9967;14305;0.56;45513;5
45299;0.545;0.18;45536;0.08;13;35;0.9972;45354;0.59;9;6
45359;0.61;0.3;45293;0.084;11;50;0.9972;45385;0.61;45332;6
45511;0.5;0.3;45536;0.075;8;22;0.9959;11383;0.56;45392;6
45299;0.545;0.18;45536;0.08;13;35;0.9972;45354;0.59;9;6
45299;0.575;0.22;45293;0.077;12;65;0.9967;47178;0.51;45331;5
45329;0.49;0.24;45324;0.07;5;36;0.996;12114;0.48;45391;5
45299;0.575;0.22;45293;0.077;12;65;0.9967;47178;0.51;45331;5
45511;0.41;0.68;45474;0.467;18;69;0.9973;45507;11324;45360;5
45328;0.63;0.31;45474;0.088;15;64;0.9969;16862;0.79;45360;5
8;0.33;0.53;45414;0.091;18;80;0.9976;13575;0.8;45452;6
45299;0.785;0.52;2;0.122;37;153;0.9969;44256;0.69;45360;5
45511;0.56;0.19;45505;0.104;12;47;0.9964;43525;0.93;45421;5
45390;0.62;0.09;45324;0.084;11;108;0.9964;42064;0.66;45513;5
45390;0.6;0.1;45324;0.085;14;111;0.9964;42064;0.66;45513;5
45301;0.31;0.44;45353;0.08;22;46;0.9988;11749;0.67;45482;6
45511;0.56;0.19;45505;0.104;12;47;0.9964;43525;0.93;45421;5
45391;0.4;0.31;45324;0.09;13;62;0.9966;45476;0.63;45422;6
45359;0.54;0.28;45536;0.077;11;40;0.9978;14305;0.61;10;6
45511;0.56;0.12;2;0.082;7;28;0.997;13575;0.5;45391;6
45512;0.55;0.04;45324;0.119;14;56;0.9962;44256;0.6;45545;6
7;0.69;0.08;45505;0.097;22;89;0.9959;12479;0.54;45331;6
45358;45474;0.09;45474;0.178;10;89;0.9962;45354;0.57;9;5
45512;0.55;0.04;45324;0.119;14;56;0.9962;44256;0.6;45545;6
45358;0.695;0;45414;0.075;3;13;0.998;17958;0.52;45331;5
8;0.71;0;45445;0.08;11;34;0.9976;16132;0.53;45421;5
45511;0.5;0.17;45444;0.082;21;102;0.996;14305;0.48;45421;5
9;0.62;0.04;45536;0.146;27;90;0.9984;42430;0.7;45391;5
45330;12055;0;45474;0.081;3;12;0.9964;19419;0.49;45545;5
45299;12055;0;45505;0.082;3;12;0.9964;19784;0.48;45545;5
8;0.59;0.16;45505;0.065;3;16;0.9962;15401;0.92;45422;7
45297;0.38;0.15;45505;0.072;6;19;0.9955;15401;0.57;45391;5
8;0.745;0.56;2;0.118;30;134;0.9968;45352;0.66;45391;5
45448;0.5;0.09;45353;0.049;17;99;0.9937;23071;0.63;13;5
45448;0.5;0.09;45353;0.049;17;99;0.9937;23071;0.63;13;5
45449;0.5;0.01;45413;0.06;17;26;0.9952;45385;0.58;45513;6
45542;45383;0.05;45324;0.084;13;29;0.9959;44621;0.55;45544;6
45390;0.745;0.11;45536;0.09;16;63;0.9965;43525;0.82;45452;5
45359;0.715;0.15;45505;0.089;10;52;0.9968;44986;0.77;45421;5
45329;0.415;0.36;2;0.081;13;45;0.9972;17593;0.64;45331;5
45511;0.56;0.19;45293;0.081;15;105;0.9962;12114;0.54;45421;5
45511;0.56;0.19;2;0.081;17;108;0.9962;11749;0.54;45421;5
45390;0.745;0.11;45536;0.09;16;63;0.9965;43525;0.82;45452;5
45359;0.715;0.15;45505;0.089;10;52;0.9968;44986;0.77;45421;5
45327;0.34;0;45505;0.05;27;63;0.9916;24898;0.79;14;6
45357;0.39;0.08;45474;0.066;3;20;0.9954;12479;0.58;45391;5
45327;0.34;0;45505;0.05;27;63;0.9916;24898;0.79;14;6
45299;0.67;0.55;45505;0.117;32;141;0.9968;42795;0.62;45391;5
45509;0.68;0.02;45505;0.087;21;94;0.9944;19784;0.52;10;5
45450;0.49;0.26;45444;0.236;10;88;0.9968;45599;0.8;45360;5
45541;0.49;0.1;45353;0.074;12;30;0.9959;15401;0.58;45332;6
45330;0.4;0.44;45506;0.089;11;43;0.9975;19419;0.61;45422;6
45358;0.33;0.47;45293;0.077;5;11;0.9958;12114;0.53;45361;6
45331;0.52;1;45385;0.61;32;69;0.9996;27061;2.0;45391;4
45419;0.6;0.03;45505;0.095;25;99;0.995;12844;0.54;45301;5
45419;0.6;0.03;45505;0.095;25;99;0.995;12844;0.54;45301;5
45298;0.43;0.42;45417;0.07;29;129;0.9973;15401;0.72;45422;5
45298;0.43;0.42;45417;0.071;28;128;0.9973;15401;0.71;45422;5
45298;0.43;0.42;45417;0.07;29;129;0.9973;15401;0.72;45422;5
45298;0.43;0.42;45417;0.071;28;128;0.9973;15401;0.71;45422;5
45298;0.68;0;45324;0.073;12;22;0.9969;17593;0.5;45360;5
45510;0.6;0.18;45536;0.079;18;86;0.9968;21610;0.57;45360;6
45450;0.95;0.03;2;0.09;7;20;0.9959;45325;0.56;45452;5
45450;0.68;0.02;45352;0.072;9;20;0.9965;42795;45505;45331;4
45511;0.53;0.04;45474;0.076;17;31;0.9964;12114;0.56;10;6
45389;0.6;0.26;45358;0.07;36;121;0.9982;13575;0.49;45391;5
45358;0.59;0.26;45329;0.07;35;121;0.9981;13575;0.49;45391;5
45511;0.63;0.48;45474;0.1;14;96;0.9961;43525;0.62;45421;5
45510;0.64;0.1;45293;0.085;18;101;0.9956;12479;0.52;45332;5
45358;0.55;0.03;45444;0.072;17;42;0.9956;13575;0.48;9;4
45510;0.63;0.07;45293;0.089;11;44;0.9953;17227;0.55;45392;6
45419;0.705;0.24;45505;0.36;15;63;0.9964;3;21551;45421;5
45542;0.885;0.03;45505;0.058;4;8;0.9972;13210;0.33;45300;4
8;0.42;0.17;2;0.073;6;18;0.9972;47178;0.61;45331;6
8;0.42;0.17;2;0.073;6;18;0.9972;47178;0.61;45331;6
45389;0.62;0.05;45536;0.068;24;42;0.9961;15401;0.57;45423;6
45358;0.38;0.21;2;0.08;7;35;0.9961;12114;0.47;45421;5
45541;0.5;0.04;45413;0.085;19;49;0.9958;12844;0.78;45421;5
45358;0.38;0.21;2;0.08;7;35;0.9961;12114;0.47;45421;5
45419;0.52;0.42;45353;0.087;8;38;0.9972;21245;0.61;45422;6
7;0.805;0;45414;0.068;7;20;0.9969;17593;0.56;45452;5
45512;0.61;0.14;45384;0.067;10;42;0.9969;43525;0.59;45421;5
45512;0.61;0.14;45384;0.067;10;42;0.9969;43525;0.59;45421;5
45543;0.61;0.49;2;0.27;23;110;0.9972;45629;45323;45360;5
45329;0.73;0.02;45414;0.076;16;42;0.9972;16132;0.52;45360;5
45510;0.61;0.2;45505;0.077;11;65;0.9971;19784;0.58;45360;5
45479;0.62;0.21;45536;0.079;8;62;0.997;19054;0.58;45360;6
45543;0.31;0.57;2;0.111;26;85;0.9971;46082;0.53;45482;5
45389;0.39;0.48;2;0.082;14;67;0.9972;12479;0.55;45331;5
45480;0.705;0.1;45445;0.084;9;26;0.9976;14305;0.49;45482;5
45542;0.5;0.33;2;0.084;15;143;0.9968;45325;0.55;45421;5
45542;0.49;0.32;45536;0.082;17;144;0.9968;45325;0.55;45421;5
45330;0.5;0.35;45537;0.077;21;127;0.9976;44986;0.62;45391;5
45388;0.37;0.25;45536;0.074;21;49;0.9974;20880;0.62;45513;6
45510;0.63;0.12;45507;0.099;16;126;0.9969;46813;0.61;45421;5
45450;0.55;0.21;45324;0.071;7;28;0.9964;46813;0.55;45482;5
45450;0.55;0.21;45324;0.071;7;28;0.9964;46813;0.55;45482;5
45511;0.59;0.33;2;0.074;24;120;0.9968;45717;0.54;45391;5
45358;0.58;0.3;45384;0.074;15;55;0.9968;16862;0.59;45332;5
45423;0.3;0.6;2;0.067;12;27;0.9981;45599;0.97;45301;6
45387;0.835;0.08;45323;0.046;13;93;0.9924;20880;0.85;13;7
45541;45536;0.06;45293;0.061;12;31;0.9948;18688;0.43;45393;4
45452;0.32;0.47;45383;0.056;9;24;0.99695;44621;0.82;45361;7
45512;0.37;0.48;45293;0.097;39;145;0.9975;45385;45352;45360;5
45510;0.5;0.11;45413;0.075;16;49;0.99545;13210;0.79;45421;5
7;0.42;0.35;45444;0.088;16;39;0.9961;12479;0.55;45331;5
7;0.43;0.36;45444;0.089;14;37;0.99615;12479;0.56;45331;6
45516;0.3;0.74;45445;0.095;9;28;0.9994;45325;0.77;45514;7
45516;0.3;0.74;45445;0.095;9;28;0.9994;45325;0.77;45514;7
45511;0.57;0.31;45505;0.069;26;120;0.99625;47178;0.53;45360;5
45511;0.44;0.28;45475;0.1;18;95;0.9966;44621;0.67;45391;5
11;0.3;0.58;45293;0.054;7;19;0.998;11383;0.88;45422;7
45482;0.53;0.6;2;0.039;5;19;0.99585;45354;0.86;45394;6
8;0.725;0.24;45506;0.083;10;62;0.99685;12844;0.56;10;6
45454;0.44;0.64;45293;0.059;5;15;0.998;44256;0.67;45332;6
45330;0.57;0.26;45324;0.06;28;65;0.9959;45354;0.43;45301;5
45511;0.735;0.08;45384;0.092;10;41;0.9974;45352;0.71;45513;6
7;0.49;0.49;45448;0.06;26;121;0.9974;12479;0.76;45422;5
45481;0.625;0.16;2;0.101;13;49;0.9962;41699;0.57;11;5
45299;0.725;0.22;45324;0.072;11;41;0.9967;13210;0.55;45300;5
45419;0.49;0.19;45536;0.076;10;44;0.9957;14305;0.54;45482;5
45511;0.53;0.33;45384;0.08;24;144;0.99655;45354;0.6;45421;5
45511;0.34;0.37;2;0.082;24;58;0.9964;12479;0.59;45391;6
45389;0.53;0.26;2;0.101;16;72;0.9957;42064;0.57;45391;5
45510;0.61;0.04;45413;0.057;5;10;0.99525;15401;0.6;45421;5
45451;0.645;0.25;2;0.083;8;28;0.99815;46813;0.6;10;6
45390;0.635;0.36;2;0.089;15;55;0.99745;11383;0.57;45392;4
45480;0.43;0.25;45445;0.073;29;63;0.99615;13575;0.58;45422;6
45543;0.59;0.5;2;0.337;27;81;0.9964;45385;22282;45421;6
9;0.82;0.14;45445;0.089;9;23;0.9984;14305;0.63;45513;5
45480;0.43;0.25;45445;0.073;29;63;0.99615;13575;0.58;45422;6
45541;0.52;0.25;45445;0.081;10;37;0.99685;16862;0.5;11;5
45327;0.48;0.04;45444;0.054;19;106;0.9927;19784;0.62;45334;7
8;0.38;0.06;45505;0.078;12;49;0.99625;13575;0.52;45544;6
45420;0.37;0.2;45506;0.09;18;58;0.998;12479;0.7;45452;6
45541;0.52;0.25;45445;0.081;10;37;0.99685;16862;0.5;11;5
45330;1;0.09;45353;0.065;7;37;0.99685;11749;0.55;9;6
45329;0.63;0;45536;0.097;14;38;0.99675;13575;0.58;9;6
45329;0.63;0;45536;0.097;14;38;0.99675;13575;0.58;9;6
45329;0.645;0;45536;0.097;15;39;0.99675;13575;0.58;45331;6
45329;0.63;0;45536;0.097;14;38;0.99675;13575;0.58;9;6
45330;1;0.09;45353;0.065;7;37;0.99685;11749;0.55;9;6
45543;0.635;0.37;45474;0.263;5;62;0.9971;3;45536;45360;5
12;0.38;0.56;45293;0.093;6;24;0.99925;41699;0.71;45545;6
45480;0.58;0.1;45505;0.102;28;109;0.99565;45507;0.49;45513;6
15;0.21;0.44;45324;0.075;10;24;1.00005;45476;0.84;45331;7
15;0.21;0.44;45324;0.075;10;24;1.00005;45476;0.84;45331;7
45358;0.66;0;2;0.084;6;23;0.9983;22341;0.96;45544;6
45298;0.68;0.07;45536;0.075;16;51;0.99685;13940;0.52;45421;5
45330;0.6;0.17;45353;0.072;11;73;0.9963;45325;0.45;45360;5
45480;0.53;0.06;45474;0.074;9;39;0.99615;12844;0.48;45513;6
45358;0.66;0;2;0.084;6;23;0.9983;22341;0.96;45544;6
45514;0.32;0.44;45444;0.063;16;37;0.9985;44621;0.78;10;6
45298;0.6;0;45505;0.074;16;34;0.9972;17227;0.7;45544;6
45302;0.35;0.48;45294;0.09;5;21;0.9986;42795;0.53;45422;5
45480;0.775;0.42;45536;0.092;8;86;0.9959;44986;0.59;45421;5
45298;0.6;0;45505;0.074;16;34;0.9972;17227;0.7;45544;6
8;0.57;0.23;45325;0.073;17;119;0.99675;46082;0.57;45360;5
45391;0.34;0.37;45324;0.075;5;13;0.998;44621;0.62;45331;5
45449;0.695;0;45293;0.075;12;56;0.9968;17958;0.67;45331;5
45480;0.41;0.76;45505;0.611;8;45;0.9968;45446;46023;45391;5
10;0.31;0.47;45445;0.085;14;33;0.99965;13210;0.8;45422;7
45542;0.33;0.23;45474;0.077;18;45;0.99625;47178;0.65;45360;5
7;0.975;0.04;2;0.087;12;67;0.99565;12844;0.6;45391;4
8;0.52;0.03;45474;0.07;10;35;0.99575;12479;0.57;10;5
45542;0.37;0.23;45505;0.077;23;49;0.9963;46813;0.67;45360;5
45424;0.56;0.49;45384;0.064;5;27;0.9999;45507;0.87;45545;5
45515;0.26;0.52;45505;0.071;6;10;0.9968;45325;0.72;45332;7
45299;0.87;0;45354;0.096;26;61;1.00025;45446;0.72;45513;4
45542;0.35;0.46;45446;0.078;15;37;0.9973;12844;0.86;45516;8
45541;0.54;0.04;3;0.077;7;27;0.9987;25263;0.91;45391;6
45423;0.18;0.51;4;0.104;4;23;0.9996;46813;0.97;45301;6
45542;0.545;0.06;4;0.087;27;61;0.9965;13210;0.67;45483;6
45423;0.18;0.51;4;0.104;4;23;0.9996;46813;0.97;45301;6
45545;0.37;0.58;4;0.071;17;65;0.99935;44621;0.78;45301;5
45390;0.715;0.2;45384;0.076;10;38;0.99735;11383;0.64;45391;5
45419;0.65;0.18;7;0.088;27;94;0.99915;13940;0.77;45391;5
45542;0.545;0.06;4;0.087;27;61;0.9965;13210;0.67;45483;6
45541;0.54;0.04;3;0.077;7;27;0.9987;25263;0.91;45391;6
45423;0.18;0.51;4;0.104;4;23;0.9996;46813;0.97;45301;6
45361;0.32;0.45;45388;0.073;5;13;0.9976;44986;0.82;45455;8
45543;0.4;0.32;45448;0.087;10;47;0.9991;13940;0.77;45422;7
45393;0.26;0.44;45446;0.071;6;19;0.9986;45629;0.82;45360;6
45480;0.27;0.68;45415;0.358;5;10;0.9972;45717;45505;45544;7
45450;0.52;0.12;3;0.067;12;53;0.9971;13210;0.57;45300;5
45543;0.4;0.32;45448;0.087;10;47;0.9991;13940;0.77;45422;7
45544;0.59;0.07;45385;0.102;32;71;1.00015;11383;0.71;45513;5
45544;0.59;0.07;45385;0.102;32;71;1.00015;11383;0.71;45513;5
12;0.45;0.55;2;0.073;25;49;0.9997;45294;0.76;45361;6
45419;0.4;0.12;3;0.092;29;53;0.9967;13575;0.7;45361;6
45481;0.52;0.09;45414;0.091;20;49;0.9976;12479;0.86;45453;7
45454;0.42;0.53;45354;0.105;33;98;1.001;45325;0.95;45331;5
45481;0.52;0.09;45414;0.091;20;49;0.9976;12479;0.86;45453;7
11;0.2;0.48;2;0.343;6;18;0.9979;45354;0.71;45422;5
45392;0.55;0.23;45475;0.091;18;48;0.9994;44621;0.64;45361;6
45541;0.36;0.25;45384;0.098;5;16;0.9964;15036;0.6;45301;6
45364;0.34;0.52;45325;0.094;17;53;1.0014;45415;0.81;45421;6
45514;0.5;0.46;45414;0.073;5;27;1.0001;45415;0.64;45421;5
45453;0.83;0.37;45445;0.086;26;70;0.9981;42430;0.52;45544;5
45298;0.63;0.06;2;0.083;8;29;0.99855;24532;0.73;45452;5
45329;0.65;0.02;45353;0.094;5;31;0.9993;24532;0.8;45482;5
45541;0.67;0.06;45293;0.08;8;33;0.99845;24898;0.71;45452;5
45419;0.53;0.06;45445;0.086;20;44;0.9965;13940;0.59;45483;6
45302;0.18;0.48;45413;0.068;7;15;0.9973;44621;0.64;45301;6
45359;0.705;0.12;45445;0.092;12;28;0.9994;18688;0.72;10;5
45389;0.67;0.12;45444;0.186;5;21;0.996;14305;0.54;45421;5
45390;0.65;0.6;45293;0.112;12;90;0.9973;45325;0.52;45331;5
45361;0.53;0.48;45414;0.063;6;25;0.9998;45629;0.59;45360;6
45450;0.62;0.32;45324;0.082;7;54;0.9966;13210;0.52;45391;5
45361;0.41;0.42;45384;0.213;6;14;0.9994;43525;0.62;45421;6
45361;0.43;0.44;45384;0.214;5;12;0.9994;43525;0.63;45421;6
45389;0.29;0.38;45474;0.062;9;30;0.9968;15036;0.53;45421;6
45361;0.53;0.48;45414;0.063;6;25;0.9998;45629;0.59;45360;6
45542;0.53;0.24;2;0.072;15;105;0.996;46447;0.54;45391;6
9;0.46;0.31;45506;0.093;19;98;0.99815;11749;0.63;45421;6
45451;0.47;0.3;3;0.076;30;135;0.9976;45354;0.53;45391;5
45389;0.36;0.29;45445;0.087;26;72;0.99645;14305;0.68;11;5
45298;0.35;0.29;45414;0.096;20;53;0.9962;15401;0.65;11;6
45452;0.56;0.23;45385;0.102;37;92;0.9996;45354;0.65;45301;5
45452;0.77;0.12;45537;0.082;30;74;0.99865;45354;0.64;45392;6
45513;0.66;0.39;45325;0.083;21;59;0.9989;13575;0.71;45423;7
45452;0.77;0.12;45537;0.082;30;74;0.99865;45354;0.64;45392;6
45513;0.66;0.39;45325;0.083;21;59;0.9989;13575;0.71;45423;7
45360;0.61;0.26;45385;0.09;25;87;0.99975;45352;0.62;45482;5
45511;0.62;0.05;45353;0.079;6;18;0.99735;47178;0.63;45360;5
45361;0.59;0.42;45506;0.09;35;73;0.999;46813;0.7;45421;6
10;0.49;0.2;11;0.071;13;50;1.0015;42430;0.69;45331;6
10;0.49;0.2;11;0.071;13;50;1.0015;42430;0.69;45331;6
45454;0.53;0.66;23802;0.121;6;14;0.9978;45415;0.74;45423;7
45361;0.44;0.5;45416;0.107;5;13;0.998;46813;0.83;45423;5
45395;0.27;0.62;45445;0.082;6;21;1.0002;42430;0.67;45482;6
45483;0.46;0.39;2;0.061;7;15;0.9981;43160;0.62;45421;5
45332;0.36;0.64;45537;0.122;10;41;0.998;44986;0.66;45424;6
45332;0.36;0.64;45537;0.122;10;41;0.998;44986;0.66;45424;6
8;0.58;0.28;45325;0.066;21;114;0.9973;44621;0.54;45391;6
45390;0.56;0.08;45293;0.105;16;44;0.9958;41334;0.52;11;5
45542;0.65;0.01;45414;0.078;17;38;0.9963;12479;0.74;45484;7
45546;0.695;0.53;45385;0.128;7;21;0.9992;42795;0.84;45334;7
45543;0.43;0.45;45536;0.052;6;16;0.9948;12844;0.7;45424;6
45511;0.43;0.32;45506;0.08;29;58;0.9974;11383;0.64;45361;5
45394;0.49;0.58;3;0.103;28;99;1.0008;42430;1;45423;6
45424;0.28;0.54;45353;0.082;12;29;0.9997;45599;13150;45513;7
45334;0.34;0.5;45384;0.066;10;21;1;45629;43101;45331;6
45453;0.42;0.48;45475;0.065;5;18;0.9972;44256;0.87;45362;6
45545;0.39;0.47;45505;0.118;6;14;0.9982;45354;0.75;45513;6
45545;0.39;0.47;45505;0.118;6;14;0.9982;45354;0.75;45513;6
45546;0.57;0.5;45445;0.082;6;32;1.0006;45629;0.78;45483;6
7;0.685;0;45536;0.067;40;63;0.9979;45446;0.81;45544;5
45449;0.815;0.02;45475;0.072;17;34;0.9955;21245;0.89;45363;7
45517;0.49;0.67;3;0.093;6;15;0.9986;45325;0.93;12;6
45452;0.56;0.31;45506;0.089;15;46;0.9979;45599;0.92;10;6
45300;0.785;0;45445;0.093;11;28;0.9994;13210;0.86;45391;6
45483;0.67;0.22;45475;0.107;17;34;1.0004;46813;0.98;45544;6
45300;0.795;0;45445;0.096;11;26;0.9994;12844;0.83;45391;6
45480;0.665;0;45384;0.09;8;19;0.9974;46447;0.73;45360;5
45425;0.53;0.79;45508;0.12;23;77;1.0018;43160;0.77;13;5
45297;0.21;0.4;45383;0.066;40.5;165;0.9912;45717;0.59;45546;6
45479;0.75;0.01;45384;0.078;17;32;0.9955;20149;0.61;45516;6
45423;0.41;0.52;3;0.08;29;55;1.0001;46082;0.88;11;5
45422;0.42;0.66;34731;0.116;12;29;0.997;45352;0.75;45484;7
45546;0.43;0.66;45294;0.109;10;23;1;42064;0.85;45392;7
45455;0.38;0.66;45445;0.088;10;41;1.001;42795;0.68;45513;6
45330;0.7;0.23;2;0.099;14;81;0.9973;43525;0.7;45391;5
45451;0.45;0.31;45445;0.086;21;50;0.9982;13575;0.91;45544;6
45546;0.58;0.66;45414;0.072;6;37;0.9992;45415;0.56;10;5
45424;0.46;0.63;2;0.071;6;15;0.9988;36192;0.87;45332;5
45516;0.615;0.66;45509;0.083;7;42;1.0022;45476;0.73;10;7
10;0.42;0.5;45385;0.107;7;21;0.9979;46082;0.93;45515;6
45516;0.615;0.66;45509;0.083;7;42;1.0022;45476;0.73;10;7
45392;0.575;0.61;45445;0.076;11;24;1;42430;0.69;9;5
45361;0.34;0.52;45506;0.159;15;75;0.9998;43160;0.64;45391;5
45391;0.27;0.53;45384;0.074;6;18;0.9962;45325;41275;12;7
45541;0.765;0.02;45353;0.063;35;63;0.9975;20880;0.78;45544;5
45542;0.24;0.4;45444;0.056;11;25;0.9967;11749;0.87;45481;6
45300;0.28;0.48;45505;0.067;26;46;0.9967;11749;45383;45453;6
45389;0.55;0.22;45324;0.106;12;72;0.9959;45415;0.63;45331;5
14;0.41;0.63;45507;0.089;6;47;1.0014;45294;0.81;45514;6
45423;0.54;0.71;45386;0.124;6;15;0.9984;45294;0.83;45515;7
45423;0.45;0.5;3;0.078;19;47;1.0003;46082;45597;11;6
45391;0.27;0.53;45384;0.074;6;18;0.9962;45325;41275;12;7
45393;0.625;0.66;45328;0.088;6;24;0.9988;45599;0.99;45364;6
45359;0.42;0.38;45414;0.094;24;60;0.9979;11383;0.7;45514;6
45359;0.26;0.42;2;0.08;11;27;0.9974;44256;0.8;45391;6
45486;0.415;0.68;45537;0.085;17;43;1.0014;45446;0.8;10;6
45359;0.26;0.42;2;0.08;11;27;0.9974;44256;0.8;45391;6
45359;0.26;0.42;2;0.08;11;27;0.9974;44256;0.8;45391;6
45480;0.51;0.28;45293;0.087;23;54;0.998;15401;0.74;45331;5
45389;0.63;0.07;45384;0.09;11;37;0.9979;15766;0.76;45482;6
45511;0.54;0.26;2;0.088;23;48;0.9981;15036;0.74;45331;6
45359;0.66;0.15;45536;0.079;17;42;0.9972;11383;0.54;45452;6
45511;0.46;0.26;45536;0.088;23;53;0.9981;15766;0.74;45331;6
45452;0.38;0.31;45414;0.096;16;49;0.9982;43525;0.7;10;7
45448;0.85;0.05;45383;0.045;12;88;0.9924;20515;0.82;45547;8
45486;0.415;0.68;45537;0.085;17;43;1.0014;45446;0.8;10;6
45421;0.37;0.52;2;0.082;6;26;0.998;43160;0.51;45421;5
45390;0.665;0.61;2;0.112;13;95;0.997;42430;0.54;45300;5
45485;0.6;0.65;45353;0.063;6;25;0.9997;45354;0.57;45544;5
12;0.37;0.76;45326;0.066;7;38;1.0004;44621;0.6;13;7
45449;0.735;0.02;45542;0.122;68;124;0.9994;17227;0.53;45544;5
45423;0.59;0.59;45445;0.087;13;49;0.9988;43160;0.65;11;6
45423;0.59;0.59;45445;0.087;13;49;0.9988;43160;0.65;11;6
45481;0.765;0.22;45353;0.064;9;42;0.9963;45294;0.55;45391;5
45449;0.735;0.02;45542;0.122;68;124;0.9994;17227;0.53;45544;5
45480;0.26;0.3;45474;0.059;20;38;0.9949;47178;0.47;45514;6
45334;0.48;0.54;45445;0.085;19;64;1;45294;0.61;45422;6
45393;0.6;0.49;45475;0.085;10;41;0.9994;42064;0.63;45422;6
45480;0.69;0.05;45475;0.075;15;27;0.9974;46082;0.61;45300;5
45481;0.31;0.46;45383;0.059;11;25;0.9966;13210;0.76;45301;6
45513;0.44;0.47;45414;0.063;9;28;0.9981;45352;0.65;45514;6
12;0.39;0.66;3;0.093;12;30;0.9996;43160;0.63;45514;7
45392;0.34;0.58;45476;0.174;6;16;0.997;43525;0.7;45362;6
45424;0.46;0.49;45416;0.07;26;49;0.9981;45415;0.57;45452;4
9;0.43;0.34;45414;0.08;26;86;0.9987;13940;0.62;45421;6
45300;0.45;0.35;45384;0.08;23;78;0.9987;13940;0.62;45421;5
45298;0.735;0.16;45536;0.1;15;77;0.9966;46447;0.64;45360;5
45544;0.4;0.53;45479;0.097;6;19;0.9986;46447;0.82;45484;7
45512;0.52;0.34;45475;0.087;24;122;0.9982;46082;0.61;45421;5
45451;0.725;0.24;45449;0.117;31;134;1.0014;11749;45474;45360;5
45453;0.48;0.64;45324;0.111;6;20;0.997;46082;0.66;45484;6
7;0.58;0.12;45536;0.091;34;124;0.9956;16132;0.48;45422;5
45546;0.38;0.51;2;0.121;7;20;0.9996;45352;0.76;45392;6
45510;0.77;0;45505;0.066;34;52;0.9976;22706;0.68;45544;5
45421;0.56;0.33;45384;0.089;35;67;0.9972;46813;0.73;45515;7
45449;0.84;0.03;45353;0.059;32;48;0.9952;19054;0.56;45363;7
45480;0.96;0.2;2;0.047;15;60;0.9955;13210;0.44;45545;5
45422;0.24;0.47;45293;0.066;6;24;0.9978;42064;0.9;11;7
45480;0.96;0.2;2;0.047;15;60;0.9955;13210;0.44;45545;5
45449;0.84;0.03;45353;0.059;32;48;0.9952;19054;0.56;45363;7
45388;0.67;0.08;45293;0.045;19;48;0.9949;17958;0.49;45393;6
45421;0.78;0.22;45536;0.077;6;32;0.9988;46082;0.56;45453;6
45300;0.52;0.33;45352;0.07;9;30;0.9978;45352;0.6;45360;5
45516;0.84;0.63;45384;0.088;13;35;0.9997;45294;0.6;45392;6
45422;0.24;0.47;45293;0.066;6;24;0.9978;42064;0.9;11;7
45511;0.55;0.35;45324;0.074;21;66;0.9974;45717;0.56;45331;5
45546;0.37;0.69;45353;0.078;12;24;0.9958;3;0.65;45516;6
45363;0.39;0.63;45353;0.091;6;18;1.0004;42430;0.49;45421;5
45392;0.41;0.55;45325;0.076;22;54;0.9996;42064;0.89;45544;6
45363;0.39;0.63;45353;0.091;6;18;1.0004;42430;0.49;45421;5
8;0.67;0.3;2;0.06;38;62;0.9958;46082;0.56;45332;6
45302;0.45;0.73;45325;0.066;6;22;0.9986;42795;0.66;45333;6
45392;0.41;0.55;45325;0.076;22;54;0.9996;42064;0.89;45544;6
7;0.62;0.18;45413;0.062;7;50;0.9951;45507;0.6;45360;5
45455;0.31;0.72;45324;0.072;6;29;0.9987;32174;0.82;45513;8
45546;0.4;0.65;42036;0.068;7;27;0.9988;45446;0.68;45362;6
45458;0.685;0.76;45476;0.1;6;43;1.0032;34731;0.68;45333;7
10;0.44;0.49;45475;0.077;11;19;0.9963;44986;0.63;45454;7
45356;0.57;0.01;45474;0.054;5;27;0.9934;20880;0.84;45424;7
45421;0.735;0.1;45293;0.079;6;31;0.9986;44986;0.56;45301;6
45424;0.38;0.6;45445;0.081;31;72;0.9996;45294;0.73;45422;5
45360;0.48;0.29;45293;0.127;6;16;0.9968;44621;0.72;45333;5
45451;0.53;0.22;2;0.1;7;27;0.9967;45325;0.56;45332;6
45546;0.39;0.69;45506;0.095;17;35;0.9994;45294;0.61;45514;6
45546;0.39;0.69;45506;0.095;17;35;0.9994;45294;0.61;45514;6
45390;0.37;0.53;45505;0.413;9;26;0.9979;45446;45444;45300;6
45510;0.56;0.03;45474;0.084;18;35;0.9968;16132;0.63;10;6
45392;0.33;0.63;45506;0.084;5;22;0.9998;46082;0.74;45333;7
7;0.23;0.4;45444;0.063;21;67;0.9952;45415;0.63;45302;5
45362;0.62;0.67;45327;0.086;6;19;0.9988;44621;0.69;45395;8
45543;0.59;0.39;45353;0.095;5;22;0.9986;13575;0.58;45361;5
45331;0.63;0.21;45475;0.097;29;65;0.9988;46813;0.58;45452;5
45392;0.33;0.63;45506;0.084;5;22;0.9998;46082;0.74;45333;7
45454;0.58;0.66;45324;0.074;10;47;1.0008;45717;0.57;9;3
45331;0.43;0.52;45353;0.083;14;23;0.9976;12844;0.61;45362;6
45359;0.615;0.22;45445;0.087;6;19;0.9982;46082;0.61;45360;5
11;0.26;0.68;20121;0.085;10;25;0.997;43160;0.61;45515;5
45299;0.66;0.7;45324;0.098;25;129;0.9972;45507;0.53;9;5
45423;0.315;0.54;45293;0.084;5;15;0.9987;35827;0.7;45331;6
10;0.29;0.4;45537;0.098;10;26;1.0006;17593;0.91;45482;5
45361;0.5;0.42;2;0.069;21;51;0.9982;42430;0.72;45423;6
45512;0.46;0.45;45445;0.065;7;18;0.9947;11749;0.79;14;6
45393;0.36;0.69;45293;0.09;6;21;1;42795;0.62;45331;6
45481;0.82;0.02;45323;0.07;36;48;0.9952;45325;0.58;45513;5
13;0.32;0.65;45445;0.093;15;47;0.9996;45415;0.61;45453;5
45452;0.54;0.42;45384;0.081;25;52;0.997;45325;0.71;45393;6
45424;0.37;0.55;45445;0.083;25;68;0.9995;42064;0.82;45392;6
45544;0.35;0.55;45293;0.062;5;14;0.9971;46082;0.79;45453;5
45422;0.28;0.51;45474;0.08;10;24;0.9982;45325;0.89;45391;6
45452;0.68;0.24;45324;0.087;5;28;0.9988;41699;0.6;45332;5
45360;0.27;0.41;2;0.091;6;16;0.998;46813;0.7;45482;5
45392;0.24;0.49;45505;0.075;6;20;0.9977;43160;45444;11;6
45452;0.68;0.24;45324;0.087;5;28;0.9988;41699;0.6;45332;5
45391;0.685;0.11;45475;0.077;6;31;0.9984;43525;0.7;45301;6
45453;0.28;0.39;45427;0.069;6;23;1.0026;45629;0.66;45331;5
45391;0.3;0.56;45506;0.08;6;17;0.9964;42064;0.92;45484;8
45453;0.36;0.59;45324;0.152;6;18;0.9986;45385;45413;45391;5
45453;0.36;0.6;45324;0.152;7;18;0.9986;45385;45444;45391;5
45453;0.44;0.68;45295;0.114;6;24;0.997;45446;0.66;45395;6
45332;0.67;0.39;45536;0.054;6;17;0.9976;42795;0.47;10;5
45332;0.67;0.39;45536;0.054;6;17;0.9976;42795;0.47;10;5
45332;0.645;0.36;45505;0.053;5;14;0.9982;42795;0.42;10;6
45454;0.32;0.55;45506;0.081;35;67;1.0002;11749;0.92;45514;7
45360;0.39;0.4;45445;0.073;10;26;0.9984;12479;0.75;45332;6
45360;0.775;0.27;45506;0.078;24;56;0.9984;11383;0.67;45453;6
45331;0.41;0.5;45414;0.055;12;25;0.9952;12479;0.79;45364;7
45543;0.4;0.51;45445;0.052;13;27;0.995;11749;0.9;45395;7
45481;0.69;0.31;3;0.086;23;81;1.0002;17593;0.74;45454;6
45418;0.39;0.23;45359;0.051;28;91;0.9952;16132;0.55;45303;6
45483;0.35;0.53;45445;0.07;5;16;0.9972;42064;0.65;11;8
45511;0.52;0.25;45536;0.081;14;38;0.9984;15766;0.65;9;6
45329;0.34;0.32;45414;0.09;43;113;0.9966;11749;0.79;45302;5
45483;0.35;0.53;45445;0.07;5;16;0.9972;42064;0.65;11;8
45481;0.69;0.31;3;0.086;23;81;1.0002;17593;0.74;45454;6
45511;0.52;0.25;45536;0.081;14;38;0.9984;15766;0.65;9;6
45392;0.44;0.73;20241;0.074;38;76;0.999;42795;0.85;12;7
45392;0.44;0.73;20241;0.074;38;76;0.999;42795;0.85;12;7
45422;0.26;0.47;45536;0.078;6;24;0.9976;43160;45383;45545;7
45422;0.24;0.42;45505;0.077;6;22;0.9976;44256;45413;45514;7
45332;0.49;0.63;45537;0.072;10;26;0.9968;42430;0.78;45424;7
45392;0.24;0.46;45505;0.075;6;21;0.9976;45717;45323;45514;7
45333;0.67;0.55;45353;0.084;6;13;1;42795;0.71;45421;6
10;0.59;0.31;45324;0.09;26;62;0.9994;43160;0.63;45332;6
45364;0.29;0.75;45506;0.084;23;43;0.9986;45385;0.68;45393;7
45394;0.42;0.49;45447;0.073;19;43;0.9978;45325;0.61;45421;5
10;0.59;0.31;45324;0.09;26;62;0.9994;43160;0.63;45332;6
45483;0.4;0.48;45293;0.125;15;49;0.998;45354;0.81;45482;6
45422;0.51;0.64;45384;0.107;6;15;0.9973;45538;0.66;45515;7
45422;0.51;0.64;45384;0.107;6;15;0.9973;45538;0.66;45515;7
45420;0.655;0.49;45297;0.122;34;151;1.001;11383;41640;45360;5
45424;0.6;0.49;45355;0.1;5;14;1.001;45717;0.74;45546;6
45392;0.61;0.49;45293;0.2;5;16;0.9994;42430;0.63;45390;3
45545;0.21;0.49;45506;0.088;11;32;0.9972;44621;0.68;45484;6
45358;0.365;0.49;45414;0.088;39;106;0.9966;13210;0.78;11;5
45513;0.25;0.49;45475;0.088;15;33;0.9982;15401;0.9;10;6
45450;0.41;0.49;2;0.088;16;43;0.998;17593;0.64;45300;5
45330;0.39;0.49;45353;0.099;47;133;0.9979;13940;0.99;45513;5
45360;0.4;0.49;45414;0.085;38;142;0.9978;44621;0.55;45391;5
45331;0.43;0.49;45384;0.086;23;116;0.9976;44986;0.64;45421;5
45392;0.64;0.24;45506;0.105;29;53;0.9998;45352;0.67;45544;5
45358;0.365;0.49;45414;0.088;39;106;0.9966;13210;0.78;11;5
7;0.38;0.49;45414;0.097;33;85;0.9962;14305;0.77;45393;6
45330;0.42;0.49;45445;0.084;32;55;0.9988;12479;0.75;45481;6
45544;0.63;0.24;45384;0.077;6;33;0.9974;45538;0.57;45391;5
45300;0.22;0.24;45293;0.078;1;28;0.999;15036;0.87;45361;6
45546;0.38;0.49;45475;0.098;12;42;1.0004;42430;0.61;45361;5
45546;0.38;0.49;45475;0.098;12;42;1.0004;42430;0.61;45361;5
45361;0.27;0.24;45293;0.072;15;33;0.9956;44621;0.66;45516;6
10;0.48;0.24;45475;0.102;13;32;1;46813;0.56;10;6
45300;0.22;0.24;45293;0.078;1;28;0.999;15036;0.87;45361;6
45544;0.63;0.24;45384;0.077;6;33;0.9974;45538;0.57;45391;5
45299;0.825;0.24;45293;0.084;5;13;0.9972;13575;0.77;45483;6
45547;0.35;0.49;45509;0.066;5;35;1.0014;45325;0.66;12;7
45333;0.5;0.74;42125;0.1;5;17;0.9996;44621;0.62;45333;5
45331;0.59;0.24;45354;0.101;20;47;0.9988;46082;0.67;45452;5
45421;0.46;0.49;45357;0.064;5;17;0.9988;44256;0.73;11;6
45360;0.715;0.24;45293;0.07;5;20;0.9966;45629;0.59;45544;5
45333;0.66;0.24;45414;0.085;16;53;0.9993;45446;0.72;11;6
45365;0.31;0.74;45505;0.075;6;15;1.0008;31444;0.79;45390;6
45300;0.47;0.49;45445;0.094;38;106;0.9982;45507;0.59;45300;5
45419;0.55;0.24;2;0.078;10;28;0.9983;16497;0.78;45421;6
45453;0.31;0.49;45414;0.067;6;21;0.9987;46082;0.86;45483;6
45394;0.35;0.49;45445;0.079;27;69;0.9994;45629;0.75;45392;6
9;0.53;0.49;45536;0.171;6;25;0.9975;46447;0.61;45391;6
45510;0.51;0.01;45293;0.074;9;25;0.9958;12114;0.56;45421;6
45391;0.43;0.24;45506;0.092;14;45;0.998;43525;0.73;10;6
45421;0.46;0.24;45475;0.092;14;44;0.998;45629;0.74;10;6
5;45383;0.24;45444;0.05;32;96;0.9934;27089;0.62;45423;5
45427;0.645;0.49;45326;0.095;10;23;1.00315;33635;0.74;45302;5
45427;0.645;0.49;45326;0.095;10;23;1.00315;33635;0.74;45302;5
45545;0.53;0.49;45447;0.118;10;17;1.0002;45476;0.56;45484;6
45458;0.645;0.49;45326;0.095;10;23;1.00315;33635;0.74;45302;5
45545;0.53;0.49;45447;0.118;10;17;1.0002;45476;0.56;45484;6
13;0.47;0.49;45355;0.085;6;47;1.0021;45354;0.68;45485;6
45485;0.6;0.49;45506;0.075;5;19;0.9994;41699;0.57;45393;5
9;0.44;0.49;45384;0.078;26;121;0.9978;44986;0.58;45331;5
9;0.54;0.49;45537;0.094;41;110;0.9982;45507;0.61;45331;5
45450;0.29;0.49;45475;0.092;25;60;0.9971;11383;0.61;45301;6
13;0.47;0.49;45355;0.085;6;47;1.0021;45354;0.68;45485;6
45485;0.6;0.49;45506;0.075;5;19;0.9994;41699;0.57;45393;5
45481;0.7;0.24;45414;0.226;5;15;0.9991;11749;0.6;9;6
45481;0.7;0.24;45414;0.226;5;15;0.9991;11749;0.6;9;6
45513;0.5;0.49;45445;0.25;5;20;0.999;11383;0.79;45483;6
45328;0.36;0.24;45324;0.095;19;42;0.9946;20880;0.57;45484;6
45423;0.35;0.49;45354;0.07;10;37;1.0003;11749;0.91;11;6
45328;0.36;0.24;45324;0.095;19;42;0.9946;20880;0.57;45484;6
45332;0.24;0.49;45384;0.075;10;28;0.9978;41699;0.61;45392;5
45422;0.59;0.49;45293;0.07;14;47;0.9991;45354;0.56;45452;4
45453;0.34;0.49;45325;0.078;20;78;0.9992;43525;0.7;10;6
45363;0.27;0.49;45294;0.079;28;46;0.9993;45325;0.8;45332;6
45544;0.5;0.24;45353;0.103;6;14;0.9978;12479;0.52;10;4
45512;0.44;0.49;45506;0.083;18;111;0.9982;45354;0.6;45421;5
45512;0.47;0.49;45537;0.085;17;110;0.9982;47178;0.6;45513;5
45453;0.31;0.49;45324;0.063;18;40;0.9976;41699;0.51;45513;6
45363;0.5;0.49;45324;0.089;5;14;1.0002;43525;0.44;45452;5
45363;0.5;0.49;45324;0.089;5;14;1.0002;43525;0.44;45452;5
45484;0.49;0.49;45324;0.083;5;15;1;43525;0.43;45331;5
12;0.28;0.49;45536;0.074;10;21;0.9976;35827;0.66;45544;7
45515;0.33;0.49;45385;0.093;54;80;1.0002;45354;0.76;45483;7
45450;0.51;0.24;45384;0.091;8;38;0.998;17227;0.66;45452;6
45302;0.31;0.49;45475;0.094;16;47;0.9986;45629;45323;45453;7
45358;0.73;0.24;45536;0.108;18;102;0.9967;46082;0.59;45360;5
5;0.42;0.24;2;0.06;19;50;0.9917;26359;0.74;14;8
45332;0.29;0.49;45445;0.059;5;13;0.9976;45415;0.74;45422;7
9;0.45;0.49;45445;0.084;21;75;0.9987;12844;0.57;45482;5
45449;0.39;0.49;45474;0.07;23;149;0.9922;45629;0.5;45423;6
9;0.45;0.49;45445;0.084;21;75;0.9987;12844;0.57;45482;5
45544;0.49;0.58;45415;0.094;9;43;1.0004;47178;0.58;9;5
45542;0.72;0.17;45445;0.096;20;38;0.9978;45385;0.53;45421;5
45543;0.595;0.41;45542;0.086;30;109;0.9998;46447;0.57;45360;5
45394;0.4;0.51;2;0.059;6;24;0.9994;45385;0.6;45360;6
45546;0.58;0.58;45536;0.071;5;18;0.998;45538;0.63;10;6
45420;0.585;0.18;45293;0.078;5;30;0.9967;45325;0.48;45513;6
45485;0.59;0.45;45353;0.082;11;22;1;3;0.7;45360;6
45330;0.915;0.27;45293;0.088;7;23;0.9962;46082;0.47;10;4
45335;0.46;0.52;45324;0.071;12;35;1.0006;45294;0.56;9;6
45480;0.835;0;45445;0.081;6;14;0.9975;45354;0.52;45360;5
45335;0.46;0.52;45324;0.071;12;35;1.0006;45294;0.56;9;6
45359;0.58;0.13;45537;0.096;14;63;0.9984;42795;0.62;45300;6
45359;0.6;0.13;45445;0.085;6;24;0.9984;11383;0.59;45331;6
45391;0.41;0.48;45447;0.072;10;20;0.9973;12479;0.79;45334;7
45512;0.48;0.41;45354;0.092;26;52;0.9982;11383;0.53;45422;6
45301;0.65;0.37;45296;0.11;11;65;1.0026;11749;0.64;45392;6
45357;0.36;0.19;45325;0.075;15;39;0.9956;20515;0.52;45485;6
45512;0.24;0.54;45414;0.083;25;57;0.9983;14305;0.54;45331;5
45335;0.38;0.55;45475;0.081;5;16;1.0006;35827;0.54;45391;5
45419;0.64;0;45384;0.077;18;29;0.9965;11749;0.6;10;6
45330;0.39;0.38;45413;0.058;10;29;0.9962;46082;0.74;45513;5
45331;0.755;0.18;45324;0.148;10;103;0.9969;31809;13150;45332;6
45452;0.6;0.5;45353;0.079;28;71;0.9997;45415;0.57;45482;5
45452;0.6;0.5;45353;0.079;28;71;0.9997;45415;0.57;45482;5
45423;0.31;0.51;45324;0.079;14;28;0.9982;45354;0.93;45513;6
45393;0.46;0.5;45475;0.122;4;17;1.0006;41334;0.7;45332;5
45362;0.37;0.41;45353;0.088;6;16;0.9988;45538;0.8;45360;5
45359;0.54;0.24;45385;0.076;16;112;0.9976;46447;0.61;45391;5
45330;0.56;0.23;45385;0.078;14;104;0.9976;46813;0.62;45391;5
10;0.58;0.22;45536;0.08;9;32;0.9974;41334;0.55;45421;5
45542;0.51;0.25;45537;0.077;21;45;0.9974;17958;0.96;45303;6
45510;0.69;0;45448;0.124;21;58;0.9997;16862;0.72;45332;5
45510;0.69;0;45448;0.124;21;58;0.9997;16862;0.72;45332;5
45512;0.6;0.29;45324;0.098;5;15;0.9988;13210;0.49;45300;5
45512;0.6;0.29;45324;0.098;5;15;0.9988;13210;0.49;45300;5
45481;0.54;0.26;45414;0.097;7;31;0.9976;46447;0.6;45360;6
45450;0.685;0.23;45353;0.111;20;84;0.9964;44256;0.61;45360;5
45481;0.54;0.26;45414;0.097;7;31;0.9976;46447;0.6;45360;6
45392;0.28;0.54;45475;0.105;5;19;0.9988;45717;0.63;45421;5
45450;0.41;0.14;3;0.087;21;43;0.9964;11749;0.57;45422;6
45301;0.935;0.22;45385;0.105;11;86;1.001;15766;0.64;45362;4
45542;0.35;0.21;45536;0.073;46;102;0.9964;46447;0.58;45421;5
45481;0.84;0;45383;0.065;24;33;0.9954;46447;0.55;45482;5
45452;0.88;0.28;45384;0.086;30;147;0.9979;45352;0.53;45391;5
45421;0.885;0.27;45353;0.084;31;145;0.9978;45352;0.53;45391;5
45480;0.915;0.12;45324;0.143;7;23;0.9964;12844;0.65;45332;7
45543;0.29;0.35;45536;0.067;25;57;0.997;43160;13150;45361;6
45544;0.54;0.45;45353;0.071;16;40;0.9991;14305;0.62;45391;5
45421;0.59;0.44;45353;0.071;21;68;0.9992;16862;0.63;45421;5
45544;0.54;0.45;45353;0.071;16;40;0.9991;14305;0.62;45391;5
45421;0.59;0.44;45353;0.071;21;68;0.9992;16862;0.63;45421;5
45544;0.54;0.45;45353;0.071;16;40;0.9991;14305;0.62;45391;5
45511;0.64;0.1;6;0.115;5;11;0.9984;13575;0.69;45301;7
45358;0.67;0.05;45446;0.107;6;20;0.9972;45385;0.63;45301;5
45359;0.845;0.01;45324;0.07;5;14;0.9967;11749;0.58;11;4
45481;0.48;0.3;45506;0.066;10;28;0.9964;12114;0.67;45333;7
45479;0.42;0.27;45451;0.068;24;148;0.9948;42430;0.57;45362;6
45483;0.43;0.39;45324;0.106;8;32;0.9986;32540;0.5;45452;5
45513;0.88;0.25;45414;0.104;35;155;1.001;15036;0.67;45333;5
45550;0.36;0.65;45419;0.096;22;71;0.9976;35827;0.84;45549;5
45391;0.33;0.59;45506;0.079;9;30;0.9976;45629;0.54;12;6
45451;0.47;0.47;45384;0.074;7;29;0.9979;45507;0.46;45421;5
45482;0.55;0.17;45537;0.087;20;53;1.0004;41699;0.61;45391;5
45483;0.43;0.39;45324;0.106;8;32;0.9986;32540;0.5;45452;5
12;0.5;0.59;45383;0.073;23;42;0.998;33635;0.68;45422;7
45329;0.52;0.07;45383;0.074;5;20;0.9973;11749;0.81;45452;6
45298;0.84;0.02;45386;0.096;5;13;0.997;15036;0.57;11;4
45329;0.52;0.07;45383;0.074;5;20;0.9973;11749;0.81;45452;6
45419;0.42;0.31;45444;0.08;15;42;0.9978;11383;0.64;9;5
45329;0.57;0.06;45444;0.076;9;27;0.9972;13210;0.7;45452;6
45301;0.28;0.46;45505;0.05;5;13;0.9974;45385;0.79;45332;6
45303;0.4;0.52;2;0.092;15;54;1;45354;0.66;45332;5
45391;0.59;0.14;2;0.084;25;48;0.9981;41699;0.56;45482;5
45359;0.49;0.36;45505;0.222;6;16;0.998;43160;0.6;45421;6
45362;0.34;0.45;2;0.082;6;15;0.9988;34366;0.66;45331;6
10;0.73;0.43;45353;0.059;15;31;0.9966;42064;0.57;11;5
45362;0.34;0.45;2;0.082;6;15;0.9988;34366;0.66;45331;6
45541;0.4;0.24;45414;0.083;30;45;0.9959;46082;0.58;10;5
45330;0.73;0.21;45474;0.074;5;13;0.9968;45325;0.52;45421;5
45513;45292;0.34;2;0.079;32;151;0.998;42064;0.53;45421;5
45330;0.73;0.21;45474;0.074;5;13;0.9968;45325;0.52;45421;5
45514;0.4;0.41;45324;0.084;7;17;0.9984;45507;0.67;45360;6
45360;0.41;0.39;45324;0.064;12;31;0.9984;46082;0.65;45332;5
45514;0.4;0.41;45324;0.084;7;17;0.9984;45507;0.67;45360;6
45451;0.8;0.11;45353;0.084;12;31;0.9979;45385;0.48;45544;5
45359;0.78;0.1;45445;0.081;45;87;0.9983;17593;0.53;10;5
45514;0.26;0.45;45354;0.06;20;49;0.9972;41334;0.54;45452;5
45364;0.43;0.58;45536;0.07;15;40;1.0004;45446;0.49;9;5
8;0.45;0.23;45324;0.094;16;29;0.9962;44256;0.49;45332;6
45420;0.46;0.31;45689;0.078;32;58;0.998;12114;0.54;45513;5
45299;0.78;0.23;45445;0.059;5;15;0.997;13575;0.56;45362;5
45513;0.98;0.32;45353;0.078;35;152;0.998;45717;0.48;45391;5
45299;0.78;0.23;45445;0.059;5;15;0.997;13575;0.56;45362;5
45298;0.65;0.18;45505;0.07;13;40;0.997;16132;0.6;45300;5
45300;0.64;0.23;45294;0.095;13;38;0.9998;46813;0.59;45482;5
45480;0.66;0.04;45444;0.039;4;9;0.9962;45385;0.47;45391;5
45299;0.38;0.48;45505;0.157;5;17;0.9976;45354;45413;45391;5
45389;1.185;0;45748;0.097;5;14;0.9966;23071;0.54;45483;3
45331;0.92;0.24;45445;0.087;12;93;0.9998;17593;0.54;45513;5
45451;0.49;0.51;2;0.422;16;62;0.9979;45354;42736;9;5
9;0.48;0.32;45506;0.084;21;122;0.9984;11749;0.62;45391;5
9;0.47;0.31;45475;0.084;24;125;0.9984;11383;0.61;45391;5
45296;0.47;0.02;45352;0.034;18;44;0.9921;45538;0.62;45516;6
7;0.65;0.02;45293;0.066;8;25;0.9972;17227;0.67;45421;6
7;0.65;0.02;45293;0.066;8;25;0.9972;17227;0.67;45421;6
45391;0.615;0.28;45325;0.087;18;72;1.0001;11383;0.53;45482;5
45515;0.38;0.55;45293;0.071;5;19;0.9986;45599;0.62;45514;6
45453;45323;0.43;45537;0.076;26;88;0.9984;45507;0.57;45301;6
7;0.65;0.02;45293;0.066;8;25;0.9972;17227;0.67;45421;6
7;0.64;0.02;45293;0.067;9;23;0.997;17227;0.67;45391;6
45419;0.38;0.48;45445;0.073;22;84;0.9972;11749;0.7;45452;4
45300;0.765;0.04;45444;0.078;4;14;0.998;47178;0.54;45482;4
45390;1.035;0.15;6;0.073;11;54;0.999;13575;0.49;45544;5
7;0.78;0.08;2;0.093;10;19;0.9956;45385;0.47;10;5
45389;0.49;0.19;3;0.077;16;37;0.9966;13575;0.51;45422;5
45511;0.545;0.12;45414;0.068;11;35;0.996;12479;0.61;45454;6
45482;0.31;0.47;45444;0.062;13;33;0.9983;46447;0.66;10;6
45453;1.025;0.43;45506;0.08;21;84;0.9985;45446;0.57;45301;5
45543;0.565;0.34;3;0.093;16;112;0.9998;13940;0.61;45421;5
45481;0.69;0;45325;0.084;13;33;0.9992;13210;0.45;45391;5
8;0.43;0.36;45353;0.075;10;48;0.9976;12479;0.46;45391;5
45544;0.74;0.28;45445;0.078;21;77;0.998;46813;0.51;45513;5
45329;0.49;0.18;45475;0.069;13;34;0.9967;47178;0.48;45331;6
8;0.43;0.36;45353;0.075;10;48;0.9976;12479;0.46;45391;5
45450;0.46;0.11;45445;0.079;12;49;0.9968;44256;0.57;10;5
45390;0.56;0.04;2;0.082;10;22;0.9976;44621;0.44;45452;5
45298;0.66;0;45538;0.086;17;45;0.9976;16862;0.54;45421;5
45390;0.56;0.04;2;0.082;10;22;0.9976;44621;0.44;45452;5
45543;0.48;0.24;31079;0.094;35;106;0.9982;45294;0.53;45331;5
45450;0.42;0.08;45475;0.084;15;48;0.9968;44256;0.59;10;5
45298;0.31;0.3;45324;0.053;36;127;0.9965;34366;22647;45421;5
45419;1.115;0.1;45294;0.086;5;12;0.9958;19784;0.6;45333;4
9;0.66;0.17;3;0.077;5;13;0.9976;47178;0.55;45392;5
45299;0.72;0.09;45506;0.084;18;49;0.9994;15766;0.72;45302;6
45388;0.57;0.02;45505;0.067;4;11;0.997;16862;0.68;45421;5
45388;0.57;0.02;45505;0.067;4;11;0.997;16862;0.68;45421;5
45388;0.865;0.03;45325;0.071;27;58;0.995;22341;0.49;45485;6
45421;0.55;0.66;45353;0.387;12;37;0.9982;42795;0.67;45452;5
45543;0.875;0.13;16497;0.088;4;14;0.9994;16132;0.52;45423;5
45358;0.835;0.03;45293;0.092;10;19;0.9966;14305;0.47;45452;5
7;0.45;0.34;45475;0.082;16;72;0.998;20149;0.6;45421;5
45480;0.56;0.2;2;0.075;9;39;0.9987;17593;0.62;45360;5
45480;0.965;0.1;45293;0.112;11;22;0.9963;46082;0.5;45421;5
45480;0.965;0.1;45293;0.112;11;22;0.9963;46082;0.5;45421;5
45330;0.59;0;45414;0.093;19;58;1.0002;45415;0.65;45360;6
9;0.46;0.23;45506;0.092;28;104;0.9983;45294;0.56;45331;5
9;0.69;0;45384;0.088;19;38;0.999;12844;0.6;45360;5
45359;0.76;0.29;45326;0.075;12;16;0.9965;16497;0.68;45423;6
45331;0.53;0.24;45445;0.078;28;139;0.99788;44256;0.57;45421;5
45418;0.615;0;45536;0.065;9;18;0.9972;16862;0.65;45331;5
45454;0.41;0.58;45506;0.096;25;101;1.00024;41334;0.53;10;5
45302;0.39;0.54;45475;0.095;21;101;1.0001;41334;0.51;45421;5
45358;0.51;0.18;45293;0.07;12;28;0.99768;19054;0.73;45421;6
45330;0.34;0.38;45414;0.08;12;57;0.9978;45354;0.47;9;6
45451;0.33;0.4;45445;0.083;16;68;0.99782;45354;0.48;45391;5
45329;0.5;0.18;45293;0.071;12;31;0.99761;19054;0.72;45452;6
45358;0.51;0.18;45293;0.07;12;28;0.99768;19054;0.73;45421;6
45359;0.65;0.1;45537;0.089;17;40;0.99803;47178;0.55;45421;5
45359;0.65;0.1;45537;0.089;17;40;0.99803;47178;0.55;45421;5
45450;0.54;0.13;45414;0.097;24;66;0.99785;14305;0.61;45391;5
45359;0.65;0.1;45537;0.089;17;40;0.99803;47178;0.55;45421;5
45511;0.48;0.68;45474;0.415;14;32;0.99656;45538;45444;45300;6
45511;0.91;0.07;45536;0.058;22;47;0.99525;18688;0.43;45483;6
45357;0.98;0.01;2;0.057;15;33;0.99488;45446;0.46;45333;6
45299;0.87;0;45324;0.084;10;31;0.99656;45717;0.5;45513;5
45299;0.87;0;45324;0.084;10;31;0.99656;45717;0.5;45513;5
45512;0.42;0.21;45414;0.092;33;88;0.99823;43525;0.52;45331;5
9;0.58;0.25;45506;0.075;9;104;0.99779;44986;0.57;45482;5
45360;0.655;0.26;2;0.096;5;35;0.99738;45717;0.42;45452;5
45512;0.7;0;45474;0.069;8;19;0.99701;11383;0.53;10;6
45360;0.655;0.26;2;0.096;5;35;0.99738;45717;0.42;45452;5
45300;0.68;0.11;45506;0.093;11;44;0.99888;11383;0.55;45421;6
45331;0.67;0.1;3;0.091;12;48;0.99888;11383;0.54;45421;6
45512;0.59;0.18;45537;0.089;12;74;0.99738;41699;0.54;45391;5
45419;0.6;0.32;45475;0.103;13;98;0.99938;16497;0.62;45421;5
45298;0.59;0.02;45353;0.082;24;94;0.99744;20149;0.53;45482;6
45542;0.72;0.01;45536;0.076;7;32;0.99668;14305;0.54;45452;5
45298;0.59;0.02;45353;0.082;24;94;0.99744;20149;0.53;45482;6
45391;0.685;0.26;45384;0.082;23;143;0.9978;46813;0.55;45391;5
45421;0.57;0.27;45353;0.082;23;144;0.99782;46447;0.55;45391;5
45542;0.4;0.29;45505;0.157;1;44;0.9973;45354;0.92;45421;6
45542;0.4;0.3;45505;0.157;2;45;0.99727;11383;0.91;45421;6
45329;1;0;3;0.102;7;16;0.99586;15766;0.46;10;5
45541;0.765;0.18;45384;0.243;45417;48;0.99612;45385;0.6;45361;6
45541;0.635;0.17;45384;0.241;6;18;0.9961;45385;0.59;45361;6
45359;0.43;0.3;45385;0.079;7;34;0.99788;13210;0.61;45422;5
45298;0.52;0.03;45445;0.076;21;92;0.99745;45415;0.6;45513;5
7;0.57;0;2;0.19;12;45;0.99676;11383;0.6;45391;6
45418;0.46;0.14;45384;0.114;9;37;0.99732;24167;0.65;45513;5
9;0.82;0.05;45384;0.081;26;96;0.99814;13210;0.53;10;5
45418;0.46;0.14;45384;0.114;9;37;0.99732;24167;0.65;45513;5
45298;0.59;0.01;45414;0.077;20;85;0.99746;20149;0.59;45513;5
45544;0.35;0.41;45353;0.083;11;61;0.9982;44256;0.5;45421;5
45544;0.35;0.41;45353;0.083;11;61;0.9982;44256;0.5;45421;5
10;0.56;0.24;45324;0.079;19;58;0.9991;43160;0.56;45301;6
10;0.56;0.24;45324;0.079;19;58;0.9991;43160;0.56;45301;6
45451;0.63;0.17;45537;0.099;21;119;0.998;45538;0.52;45360;5
45389;0.37;0.43;45445;0.082;18;82;0.99708;12114;0.68;45482;6
45512;0.64;0.17;45537;0.084;25;130;0.99818;44986;0.54;45452;5
45298;0.61;0.02;45414;0.081;17;87;0.99745;17593;0.6;45482;6
45480;0.6;0;45445;0.055;7;13;0.99639;13940;0.56;45514;5
45301;0.27;0.54;45353;0.065;7;26;0.99531;42795;0.53;45424;6
45514;0.89;0.3;45445;0.132;7;60;0.99786;36192;43101;45332;5
45481;0.46;0.31;45414;0.126;24;64;0.99746;45294;0.74;45452;5
45360;0.37;0.44;45444;0.038;21;42;0.99526;45352;0.81;45514;7
45391;0.5;0.34;45446;0.082;5;14;0.9987;47178;0.52;45483;6
45391;0.5;0.34;45446;0.082;5;14;0.9987;47178;0.52;45483;6
45329;0.61;0.08;4;0.082;26;108;0.99641;45717;0.51;45391;5
45451;0.55;0.09;45354;0.068;8;17;0.99735;44986;0.44;10;5
45296;0.585;0;45474;0.044;14;86;0.99264;20515;0.94;45547;7
45480;0.56;0.08;45414;0.114;14;46;0.9971;45352;0.66;45452;6
45390;0.52;0.22;45475;0.084;4;18;0.99682;46082;0.57;45544;6
45330;0.28;0.4;45384;0.052;4;10;0.99356;12114;0.7;45516;7
45390;0.25;0.39;2;0.041;4;10;0.99386;46447;0.71;45424;7
45330;0.28;0.4;45384;0.052;4;10;0.99356;12114;0.7;45516;7
45389;0.53;0.12;45536;0.165;4;12;0.99702;46082;0.86;45331;5
45450;0.48;0.31;45506;0.07;4;15;0.99693;44621;0.55;45361;6
45358;0.49;0.1;45445;0.068;4;14;0.99562;45354;0.47;45422;5
45547;0.5;0.55;45506;0.072;7;24;1.00012;45538;0.68;45545;6
45514;0.45;0.33;45414;0.099;20;38;0.99818;45352;0.71;45514;5
45541;0.39;0.24;45293;0.102;4;7;0.99462;16132;0.58;45393;4
45455;0.41;0.54;45506;0.103;19;41;0.99939;44256;0.76;45362;6
45514;0.45;0.33;45414;0.099;20;38;0.99818;45352;0.71;45514;5
45513;0.51;0.19;45325;0.081;8;30;0.9984;44986;0.58;45422;6
45514;0.29;0.42;45444;0.084;19;27;0.99545;46813;0.73;45546;6
45298;0.715;0;12816;0.071;21;47;0.99632;47178;0.45;45391;5
45300;0.66;0.15;45325;0.097;9;59;0.99976;46813;0.54;45452;5
7;0.685;0;45536;0.099;9;22;0.99606;12479;0.6;45482;5
45539;0.42;0;45293;0.048;16;42;0.99154;25993;0.74;14;7
45479;0.54;0.13;2;0.076;15;36;0.9973;22341;0.64;45513;5
45479;0.54;0.13;2;0.076;15;36;0.9973;22341;0.64;45513;5
45298;0.48;0.28;45506;0.068;6;16;0.99682;45352;0.53;45361;5
45298;0.46;0.14;45506;0.076;15;37;0.99624;13210;0.49;45483;5
45419;0.27;0.34;45353;0.05;4;8;0.9951;45385;0.64;11;7
45298;0.46;0.14;45506;0.076;15;37;0.99624;13210;0.49;45483;5
45511;0.57;0.09;45353;0.065;34;45;0.99417;16862;0.74;45485;8
45540;0.61;0.08;45293;0.071;16;24;0.99376;20515;0.77;45302;6
45419;0.685;0.07;45414;0.058;5;9;0.99632;13940;0.55;45545;4
45540;0.61;0.08;45293;0.071;16;24;0.99376;20515;0.77;45302;6
45392;0.44;0.42;45413;0.145;34;48;0.99832;13940;0.86;45544;3
45454;0.47;0.44;45444;0.147;36;51;0.99836;13940;0.86;45544;4
45512;0.685;0.26;45444;0.088;16;23;0.99694;11749;0.47;45391;5
45450;0.665;0.1;45413;0.066;27;55;0.99655;14305;0.51;45360;5
45479;0.28;0.28;45384;0.012;36;100;0.99064;46082;0.39;45484;7
45479;0.28;0.28;45384;0.012;36;100;0.99064;46082;0.39;45484;7
45301;0.31;0.35;45444;0.075;9;28;0.99672;45352;0.83;45333;7
6;0.5;0.04;45324;0.092;13;26;0.99647;16862;0.47;10;5
45302;0.42;0.47;23774;0.085;9;34;0.99736;45352;0.77;45303;7
45449;0.66;0;3;0.115;21;31;0.99629;16497;0.63;45361;5
45453;0.5;0.45;45445;0.119;34;68;0.99708;44986;0.72;45545;6
45298;0.685;0.35;2;0.088;9;92;0.9963;46813;0.62;45391;5
45544;0.25;0.46;45474;0.062;26;42;0.9959;43160;0.83;45453;6
45388;0.64;0.21;45505;0.081;14;31;0.99689;21610;0.66;45513;5
45388;0.64;0.21;45505;0.081;14;31;0.99689;21610;0.66;45513;5
45389;0.68;0.16;45505;0.078;12;39;0.9977;45415;0.7;45544;6
45388;0.64;0.21;45505;0.081;14;31;0.99689;21610;0.66;45513;5
45388;0.63;0.21;45444;0.08;12;32;0.99689;21245;0.66;45513;5
45360;0.43;0.44;45536;0.085;9;22;0.99708;46813;0.55;45421;5
45360;0.43;0.44;45536;0.085;9;22;0.99708;46813;0.55;45421;5
8;0.42;0.32;45414;0.08;26;122;0.99801;44621;45474;45482;5
45360;0.36;0.39;45413;0.08;41;55;0.99652;17227;0.73;45545;6
45360;0.36;0.39;45413;0.08;41;55;0.99652;17227;0.73;45545;6
45450;0.735;0.02;45414;0.071;10;14;0.99538;18688;0.71;45484;7
45360;0.36;0.39;45413;0.08;41;55;0.99652;17227;0.73;45545;6
45330;0.26;0.34;45414;0.073;16;47;0.99594;45385;0.78;45362;7
45484;0.28;0.47;45474;0.054;17;32;0.99686;42064;0.67;45453;7
45510;0.56;0.22;45505;0.074;15;24;0.99438;45385;0.82;45333;6
45329;0.62;0.06;45475;0.077;15;85;0.99746;18688;0.54;45421;5
45509;45292;0.66;2;0.039;15;88;0.99357;24167;0.6;45423;6
45419;0.42;0.32;45475;0.067;7;25;0.99628;45352;0.44;45392;5
45329;0.62;0.06;45414;0.078;17;84;0.99746;18688;0.53;45482;5
45329;0.62;0.06;45475;0.077;15;85;0.99746;18688;0.54;45421;5
45329;0.635;0.07;45445;0.077;16;86;0.99748;18688;0.54;45482;5
45510;0.49;0.22;45353;0.071;13;24;0.99438;15036;0.83;45362;6
45541;0.51;0.23;2;0.072;13;22;0.99438;45385;0.84;45333;6
45510;0.56;0.22;45505;0.074;15;24;0.99438;45385;0.82;45333;6
45450;0.63;0.03;2;0.08;27;43;0.99578;16132;0.64;45545;6
45480;0.715;0.01;45293;0.064;31;43;0.99371;15036;0.57;45515;6
45541;0.56;0.03;45413;0.086;36;46;0.99522;19419;0.57;45453;5
45358;0.35;0.24;2;0.067;28;48;0.99576;15766;0.54;10;4
45300;0.21;0.37;45444;0.067;6;10;0.99552;44986;0.58;45302;7
45392;0.38;0.46;45293;0.104;6;10;0.99664;45629;0.65;45515;7
45512;0.31;0.4;45506;0.109;7;16;0.99614;11383;0.79;45515;7
45298;0.47;0;45324;0.067;7;14;0.99517;45385;0.58;45545;4
45480;0.715;0.01;45293;0.064;31;43;0.99371;15036;0.57;45515;6
45512;0.61;0.19;4;0.094;30;69;0.99787;44621;0.5;10;6
45329;0.6;0.04;45414;0.076;18;88;0.99745;19419;0.55;45421;5
45331;0.56;0.18;45444;0.078;10;21;0.99576;42064;0.49;45544;5
45450;0.715;0;45293;0.068;30;35;0.99533;17593;0.65;45393;6
45390;0.31;0.29;45294;0.194;14;26;0.99536;44621;0.78;12;6
45329;0.6;0.04;45414;0.076;18;88;0.99745;19419;0.55;45421;5
45512;0.61;0.19;4;0.094;30;69;0.99787;44621;0.5;10;6
45543;0.75;0.14;45414;0.086;9;30;0.99824;12479;0.64;45422;5
9;0.8;0.12;45384;0.083;8;28;0.99836;12114;0.65;45392;6
45483;0.52;0.38;45445;0.066;29;56;0.99577;42064;0.79;45303;7
45510;0.57;0;45414;0.072;32;64;0.99491;15766;0.56;45333;6
45483;0.9;0.34;45449;0.112;23;99;1.00289;44621;0.68;45360;5
45329;0.34;0.24;2;0.071;30;52;0.99576;16132;0.58;45301;5
45329;0.66;0.03;45353;0.078;16;86;0.99743;19419;0.57;45482;5
45301;0.45;0.23;45536;0.082;10;18;0.99774;44621;0.65;45360;6
45329;0.66;0.03;45353;0.078;16;86;0.99743;19419;0.57;45482;5
45329;0.63;0.03;45324;0.08;17;88;0.99745;19419;0.58;45513;6
45298;0.59;0.01;45353;0.08;27;43;0.9955;15401;0.58;45483;6
45359;0.31;0.39;45384;0.078;17;43;0.99444;11383;0.77;45424;7
45298;0.59;0.01;45353;0.08;27;43;0.9955;15401;0.58;45483;6
45359;0.31;0.39;45384;0.078;17;43;0.99444;11383;0.77;45424;7
45359;45323;0.02;45385;0.084;6;11;0.99892;17593;0.49;11;3
45543;0.31;0.36;45445;0.056;10;39;0.99562;45385;0.69;45515;5
45389;0.635;0.1;45384;0.08;16;33;0.99736;21245;0.69;45514;7
45389;0.635;0.1;45384;0.08;16;33;0.99736;21245;0.69;45514;7
45510;0.59;0.06;6;0.06;11;18;0.9962;15036;0.59;45514;7
45510;0.59;0.06;6;0.06;11;18;0.9962;15036;0.59;45514;7
45331;0.58;0.2;3;0.081;15;115;0.998;44986;0.59;45421;5
45329;0.54;0.27;45445;0.084;12;78;0.9964;14305;0.71;11;5
45297;0.56;0;45324;0.079;6;9;0.9948;21610;0.54;45423;6
45389;0.52;0.13;45384;0.078;34;61;0.99528;15766;0.59;45514;6
45358;0.305;0.39;45323;0.059;7;11;0.99331;47178;0.52;45423;6
45360;0.38;0.48;45507;0.132;3;11;0.99577;44986;0.57;45335;6
45300;0.28;0.46;9;0.114;3;9;0.99901;43160;0.6;45545;6
10;0.46;0.44;45537;0.065;4;8;0.99674;12114;0.62;45334;6
45391;0.395;0.46;45447;0.094;3;10;0.99639;46447;0.64;45334;7
45358;0.305;0.39;45323;0.059;7;11;0.99331;47178;0.52;45423;6
45451;0.315;0.4;45324;0.079;3;6;0.99512;46447;0.67;45546;6
45356;0.715;0.19;45413;0.161;7;62;0.99395;22706;0.61;11;5
45510;0.41;0.31;45512;0.084;26;45;0.99824;13940;0.64;45301;6
45390;0.36;0.32;45324;0.081;32;79;0.9964;45354;0.72;11;6
45390;0.62;0.12;45505;0.072;38;46;0.99504;13940;0.89;45515;6
45452;0.41;0.37;45353;0.091;10;23;0.99786;45352;0.56;45422;5
45390;0.36;0.32;45324;0.081;32;79;0.9964;45354;0.72;11;6
45390;0.62;0.12;45505;0.072;38;46;0.99504;13940;0.89;45515;6
45510;0.41;0.31;45512;0.084;26;45;0.99824;13940;0.64;45301;6
45451;0.47;0.27;45353;0.055;14;28;0.99516;43160;0.8;45333;5
45451;0.22;0.36;45536;0.064;53;77;0.99604;17227;0.87;11;7
45391;0.24;0.33;45353;0.061;52;73;0.99786;17227;0.9;45332;6
45390;0.67;0.19;45324;0.093;11;75;0.99736;45325;0.59;45331;4
45451;0.47;0.27;45353;0.055;14;28;0.99516;43160;0.8;45333;5
45481;0.33;0.38;45354;0.063;10;19;0.99468;45354;0.73;12;7
45449;0.61;0.01;45536;0.08;8;25;0.99746;25263;0.73;45422;5
45389;0.61;0.01;2;0.074;13;38;0.99748;17593;0.65;45513;5
45450;0.4;0.29;45536;0.078;29;66;0.9971;16497;0.59;45421;6
45389;0.61;0.01;2;0.074;13;38;0.99748;17593;0.65;45513;5
45449;0.61;0.01;45536;0.08;8;25;0.99746;25263;0.73;45422;5
45512;0.3;0.38;45353;0.06;19;72;0.99543;14305;0.72;45515;6
45512;0.3;0.38;45353;0.06;19;72;0.99543;14305;0.72;45515;6
12;0.63;0.5;45383;0.071;6;26;0.99791;45476;0.6;45392;4
45329;0.38;0.38;45506;0.068;23;42;0.99356;12479;0.72;45547;7
45328;0.46;0.17;45444;0.073;7;11;0.99425;22341;0.54;45393;5
45452;0.33;0.52;45324;0.074;13;25;0.99509;13210;0.76;45394;7
45544;0.27;0.49;5;0.082;9;17;0.99484;43525;0.52;45424;7
45301;0.43;0.4;45445;0.092;13;52;0.99834;44621;0.64;10;7
45513;0.5;0.34;45353;0.094;10;45;0.99864;45352;0.6;45482;7
45359;0.3;0.49;45507;0.09;11;24;0.99498;46447;0.64;45303;7
45332;0.44;0.42;2;0.071;7;20;0.99566;41699;0.79;45302;7
45332;0.44;0.58;45295;0.092;11;24;0.99745;47178;0.99;12;7
45359;0.28;0.48;45293;0.093;6;12;0.99408;46082;0.62;45394;7
45543;0.12;0.45;45505;0.075;10;21;0.99552;15036;0.76;45546;7
45543;0.12;0.45;45505;0.075;10;21;0.99552;15036;0.76;45546;7
45543;0.12;0.45;45505;0.075;10;21;0.99552;15036;0.76;45546;7
45359;0.28;0.48;45293;0.093;6;12;0.99408;46082;0.62;45394;7
45330;0.31;0.4;45324;0.058;6;10;0.99536;11383;0.68;45333;7
45332;0.34;0.48;45293;0.052;5;9;0.99458;45325;0.69;45303;7
45450;0.43;0.4;45475;0.082;6;11;0.99538;16132;0.54;45334;6
45420;0.21;0.52;45536;0.09;9;23;0.99648;13210;0.67;45392;5
9;0.36;0.52;45293;0.111;5;10;0.99568;11383;0.62;45362;6
45421;0.37;0.52;2;0.088;12;51;0.99613;47178;0.58;45302;6
45388;0.57;0.12;45353;0.12;25;36;0.99519;17227;0.71;45362;7
8;0.59;0.05;2;0.089;12;32;0.99735;13210;0.61;10;5
45420;0.47;0.27;45536;0.058;18;38;0.99518;42430;0.85;45302;6
45298;0.56;0.14;45444;0.078;7;18;0.99592;46447;0.62;45360;5
45449;0.57;0.02;45293;0.115;6;16;0.99654;13940;0.69;45421;5
45512;0.27;0.39;2;0.1;20;27;0.99546;42064;0.69;45333;6
45420;0.47;0.27;45536;0.058;18;38;0.99518;42430;0.85;45302;6
45359;0.34;0.4;45384;0.065;24;48;0.99554;12479;0.86;11;6
9;0.38;0.41;45384;0.103;6;10;0.99604;41334;0.58;45546;7
45420;0.66;0.2;45293;0.097;23;113;0.99733;41334;0.48;45331;5
9;0.4;0.43;45384;0.068;29;46;0.9943;45325;0.6;45334;6
45479;0.56;0.09;45537;0.079;7;22;0.99669;16862;0.61;45332;5
45392;0.26;0.48;45536;0.066;6;10;0.99724;12114;0.87;45545;6
45392;0.26;0.48;45536;0.066;6;10;0.99724;12114;0.87;45545;6
45301;0.38;0.5;45384;0.104;6;13;0.99643;44621;0.65;45454;7
45420;0.34;0.44;45474;0.079;6;12;0.99605;19054;0.63;45483;5
45512;0.33;0.41;45540;0.073;7;13;0.99658;45354;0.62;45303;7
45329;0.41;0.3;45293;0.083;35;72;0.997;16132;0.52;45391;5
45329;0.41;0.3;45293;0.083;35;72;0.997;16132;0.52;45391;5
45390;0.59;0.29;45445;0.109;31;119;0.99801;42064;0.5;45300;5
7;0.4;0.32;45446;0.061;9;29;0.99416;46813;0.49;45362;7
45334;0.45;0.49;45383;0.075;3;6;0.9969;41334;0.63;45392;5
45300;0.5;0.3;45536;0.065;8;17;0.99774;11749;0.71;45422;6
45421;0.86;0.26;45536;0.079;13;28;0.99712;45717;0.62;10;5
45358;0.52;0.32;45293;0.07;51;70;0.99418;12479;0.82;45547;6
45300;0.5;0.3;45536;0.065;8;17;0.99774;11749;0.71;45422;6
45334;0.45;0.49;45383;0.075;3;6;0.9969;41334;0.63;45392;5
45389;0.58;0;2;0.064;7;11;0.99562;16497;0.58;45362;6
45513;0.34;0.39;45383;0.066;3;7;0.9947;43525;0.55;45393;7
45298;0.36;0.3;45444;0.08;35;70;0.99693;16132;0.5;45391;5
45480;0.39;0.12;45474;0.097;19;27;0.99596;42430;0.49;45391;5
45482;0.295;0.4;45413;0.073;14;21;0.99556;41699;0.51;45545;6
45480;0.39;0.12;45474;0.097;19;27;0.99596;42430;0.49;45391;5
45298;0.34;0.28;2;0.082;31;68;0.99694;16497;0.48;45391;5
45418;0.4;0.1;2;0.076;30;47;0.99554;13210;0.48;45391;6
45298;0.34;0.28;2;0.082;31;68;0.99694;16497;0.48;45391;5
10;0.35;0.45;45414;0.092;20;88;0.99918;42064;0.43;45391;5
45480;0.6;0.06;2;0.079;19;41;0.99697;14305;0.62;45301;6
45448;0.66;0;45324;0.087;3;11;0.99378;25993;0.63;45516;7
45448;0.66;0;45324;0.087;3;11;0.99378;25993;0.63;45516;7
45543;0.84;0.34;45383;0.05;4;10;0.99554;45629;0.48;45300;6
45388;0.69;0;23743;0.055;7;12;0.99162;17227;0.53;45547;6
45419;0.43;0.3;45324;0.062;6;12;0.99495;16132;0.72;45423;7
45544;0.35;0.38;45413;0.058;31;47;0.99676;46082;0.82;45453;7
45300;0.29;0.33;45414;0.063;13;27;0.99516;46082;0.84;45484;7
45510;0.36;0.32;45505;0.067;4;8;0.9928;13210;0.55;45516;7
45330;0.43;0.29;45444;0.081;27;45;0.99603;45717;0.54;45361;5
45510;0.36;0.32;45505;0.067;4;8;0.9928;13210;0.55;45516;7
45300;0.29;0.33;45414;0.063;13;27;0.99516;46082;0.84;45484;7
45300;0.3;0.34;2;0.064;12;25;0.99516;46082;0.84;45484;7
45543;0.35;0.4;45446;0.11;12;24;0.99549;44986;0.7;12;7
45452;0.5;0.36;45506;0.116;26;55;0.99722;43160;0.68;45545;5
45543;0.28;0.45;45474;0.067;7;12;0.99354;45717;0.55;45363;7
45543;0.32;0.31;2;0.088;12;19;0.9957;42795;0.55;45392;6
45480;1.005;0.15;45293;0.102;11;32;0.99604;44986;0.48;10;5
45419;0.71;0;45444;0.092;22;31;0.99635;13940;0.58;10;6
8;0.58;0.16;2;0.12;3;7;0.99454;44621;0.58;45333;6
45422;0.39;0.46;45324;0.075;14;27;0.99598;45446;0.84;45393;6
45543;0.38;0.4;45324;0.068;12;28;0.99486;46447;0.75;45455;7
8;0.18;0.37;0.9;0.049;36;109;0.99007;32540;0.44;45485;6
8;0.18;0.37;0.9;0.049;36;109;0.99007;32540;0.44;45485;6
7;0.5;0.14;45505;0.078;10;23;0.99636;19419;0.61;45392;5
45362;0.36;0.66;45384;0.123;3;8;0.99642;45325;0.53;45546;6
45362;0.36;0.66;45384;0.123;3;8;0.99642;45325;0.53;45546;6
7;0.51;0.09;45293;0.062;4;9;0.99584;12844;0.54;45422;5
45330;0.32;0.42;45353;0.098;3;9;0.99506;46447;0.55;45363;6
45480;0.58;0.01;45505;0.088;12;18;0.99568;11749;0.56;45422;7
45451;0.83;0;45506;0.095;17;43;0.99822;12114;0.6;45392;6
45542;0.31;0.32;45536;0.066;14;36;0.99364;15036;0.56;45455;6
45388;0.795;0;45324;0.065;28;52;0.99378;17958;0.52;45454;5
45329;0.34;0.21;45414;0.075;41;68;0.99586;13575;0.54;45301;6
45480;0.58;0.01;45505;0.088;12;18;0.99568;11749;0.56;45422;7
45298;0.59;0;45293;0.091;9;14;0.99488;15401;0.55;45423;7
45358;0.55;0.01;45505;0.093;9;15;0.99514;12844;0.58;11;7
45299;0.82;0;45295;0.095;5;14;0.99854;13210;0.53;45452;5
45419;0.57;0.08;45445;0.089;14;27;0.99592;45354;0.59;45392;6
45543;0.745;0.18;45414;0.077;15;48;0.99739;45325;0.47;45482;6
45301;0.37;0.34;45384;0.085;5;17;0.99683;42795;0.65;45453;7
45450;0.31;0.34;45414;0.082;26;35;0.99356;44621;0.59;45424;7
45358;0.91;0.1;45505;0.074;20;56;0.99672;12844;0.56;45331;5
45481;0.41;0.41;45328;0.078;25;42;0.9953;45352;0.77;45455;7
45543;0.5;0.21;45324;0.088;21;39;0.99692;12114;0.83;45302;6
45389;0.965;0;45324;0.088;16;32;0.99756;21245;0.67;45332;5
45541;0.49;0.19;45474;0.079;13;26;0.99547;13940;0.64;45513;6
45543;0.5;0.21;45324;0.088;21;39;0.99692;12114;0.83;45302;6
45421;0.39;0.41;45543;0.069;18;39;0.99859;47178;0.81;45545;7
45388;0.39;0.33;45354;0.046;12;53;0.99294;13210;0.62;45334;6
45541;0.44;0;45383;0.07;32;38;0.99438;11749;0.58;45393;6
45450;0.78;0;45474;0.076;33;45;0.99612;11383;0.62;45483;6
45298;0.43;0.17;45505;0.082;27;51;0.99634;17958;0.64;45392;5
45360;0.49;0.36;45474;0.081;3;14;0.99702;46447;0.78;45545;6
45360;0.5;0.36;45505;0.084;6;17;0.99704;46447;0.77;45514;6
45298;0.43;0.17;45505;0.082;27;51;0.99634;17958;0.64;45392;5
45420;0.46;0.59;45383;0.414;16;45;0.99702;45354;12420;45331;5
45448;0.605;0.05;45384;0.073;19;25;0.99258;20515;0.55;45547;5
45359;0.33;0.42;45353;0.07;9;20;0.99426;13940;0.77;45485;7
45330;0.64;0.27;2;0.095;5;77;0.99747;41334;0.62;45300;6
45330;0.64;0.27;2;0.095;5;77;0.99747;41334;0.62;45300;6
45543;0.48;0.53;4;0.101;3;10;0.99586;44256;0.59;45303;7
45450;0.42;0.25;45538;0.104;28;90;0.99784;42064;0.57;45300;5
45544;0.53;0.57;45384;0.093;30;52;0.9971;43525;0.76;45454;7
45543;0.48;0.53;4;0.101;3;10;0.99586;44256;0.59;45303;7
45454;0.23;0.57;45505;0.074;3;8;0.9981;41699;0.7;45544;6
45300;0.4;0.5;45505;0.071;7;16;0.99462;44256;0.69;45424;8
8;0.38;0.44;45536;0.098;6;15;0.9956;45354;0.64;45393;6
45332;0.29;0.65;45384;0.075;6;17;0.99565;44621;0.63;45515;6
45330;0.74;0.09;2;0.067;5;10;0.99418;46813;0.57;45515;6
45480;0.61;0.18;45384;0.083;6;20;0.9963;47178;0.6;45332;6
45449;0.52;0.08;45384;0.07;13;26;0.99358;45385;0.72;45424;7
45302;0.31;0.53;45324;0.06;3;10;0.99572;45325;0.83;45545;7
45302;0.31;0.53;45324;0.06;3;10;0.99572;45325;0.83;45545;7
8;0.62;0.35;45506;0.086;28;52;0.997;11383;0.62;45514;5
45360;0.33;0.45;45413;0.057;19;37;0.99498;43160;0.89;45302;7
45419;0.77;0.2;45299;0.098;30;92;0.99892;45325;0.58;45331;5
45329;0.35;0.26;45505;0.083;33;75;0.9968;45385;0.58;45421;6
8;0.62;0.33;45475;0.088;16;37;0.9972;11383;0.58;45483;6
45419;0.77;0.2;45299;0.098;30;92;0.99892;45325;0.58;45331;5
45300;0.25;0.34;2;0.071;45;67;0.99769;16132;0.86;45332;7
45544;0.32;0.56;2;0.073;3;8;0.99534;42064;0.73;45393;6
45451;0.37;0.65;45388;0.08;3;8;0.99817;46447;0.58;11;5
45451;0.37;0.65;45388;0.08;3;8;0.99817;46447;0.58;11;5
45542;0.3;0.68;45359;0.05;37.5;278;0.99316;45294;0.51;45363;7
45361;0.27;0.56;45383;0.047;3;8;0.99471;42430;0.51;45515;6
45542;0.3;0.68;45359;0.05;37.5;289;0.99316;45294;0.51;45363;7
45329;0.38;0.3;45505;0.073;31;70;0.99685;15401;0.59;45421;6
45481;0.42;0.45;45384;0.072;32;59;0.99617;12114;0.77;12;6
45329;0.38;0.3;45505;0.073;31;70;0.99685;15401;0.59;45421;6
45510;0.48;0.08;45505;0.074;40;64;0.99529;45629;0.49;45452;5
45420;0.34;0.4;45477;0.055;3;9;0.99738;13940;0.66;45454;7
45542;0.19;0.42;45444;0.057;18;30;0.994;47178;0.69;45333;6
45454;0.41;0.54;45413;0.095;22;41;0.99735;45325;0.76;45544;7
45454;0.41;0.54;45413;0.095;22;41;0.99735;45325;0.76;45544;7
10;0.26;0.54;45536;0.083;42;74;0.99451;35827;0.63;45515;8
45542;0.34;0.42;2;0.086;8;19;0.99546;12844;0.6;45393;6
7;0.54;0.09;2;0.081;10;16;0.99479;15766;0.59;45423;6
45331;0.31;0.36;45324;0.079;11;31;0.99615;12114;0.86;12;7
45449;0.725;0.09;45417;0.117;9;17;0.99655;12844;0.49;45514;6
45391;0.4;0.47;45414;0.087;6;20;0.99772;42064;0.5;45422;5
45449;0.725;0.09;45417;0.117;9;17;0.99655;12844;0.49;45514;6
45451;0.52;0.38;45413;0.096;5;18;0.99666;45325;0.52;45391;5
8;0.31;0.45;45293;0.216;5;16;0.99358;42064;0.81;45424;7
45451;0.52;0.38;45413;0.096;5;18;0.99666;45325;0.52;45391;5
45390;0.34;0.42;45293;0.072;23;36;0.99392;45599;0.78;45394;6
45389;0.49;0.27;45293;0.071;14;25;0.99388;12844;0.63;12;6
45297;0.48;0.09;45474;0.078;18;30;0.99402;16497;0.54;45333;6
45389;0.49;0.27;45293;0.071;14;25;0.99388;12844;0.63;12;6
8;0.48;0.34;45324;0.073;16;25;0.9936;46813;0.66;45394;6
45357;0.57;0.28;45293;0.048;13;49;0.99374;15036;0.6;45516;5
45330;0.23;0.42;45536;0.069;9;17;0.99376;44256;0.54;45363;6
45300;0.3;0.41;2;0.068;10;24;0.99523;46447;0.85;45484;7
45299;0.78;0.1;45354;0.09;4;13;0.99855;13210;0.49;45421;5
45514;0.47;0.43;45293;0.171;27;66;0.9982;42795;0.76;45514;6
45359;0.53;0;45383;0.07;6;14;0.99593;45717;0.64;10;6
45387;0.42;0.27;2;0.092;23;55;0.99471;28550;0.64;45363;7
45542;0.33;0.41;45413;0.056;6;35;0.99396;47178;0.71;11;6
45543;0.24;0.39;45444;0.074;3;10;0.99698;45629;0.59;45421;6
5;0.4;0.5;45355;0.046;29;80;0.9902;17958;0.66;45456;6
7;0.69;0.07;45414;0.091;15;21;0.99572;13940;0.6;45362;6
7;0.69;0.07;45414;0.091;15;21;0.99572;13940;0.6;45362;6
7;0.69;0.07;45414;0.091;15;21;0.99572;13940;0.6;45362;6
45298;0.39;0.12;45293;0.065;14;24;0.99252;45354;0.53;45364;6
45448;0.66;0;45414;0.066;7;15;0.99256;19054;0.58;45547;5
45542;0.54;0.34;45414;0.076;8;17;0.99235;45325;0.72;45304;8
45449;0.5;0;45505;0.062;21;28;0.99352;16132;0.55;45363;6
45357;0.47;0;45383;0.055;27;33;0.9922;16497;0.48;45363;6
45483;0.4;0.37;45536;0.081;17;29;0.99674;45629;0.65;45333;6
45418;0.58;0;45324;0.096;3;13;0.99557;22706;0.62;45423;4
45512;0.24;0.35;45474;0.055;13;27;0.99394;41699;0.59;45362;7
45509;0.29;0.26;45474;0.063;3;11;0.9915;14305;0.54;45425;6
45357;0.76;0;45537;0.072;26;52;0.99379;18688;0.6;45423;6
10;0.43;0.33;45475;0.095;28;89;0.9984;44621;0.68;10;5
45422;0.43;0.35;45354;0.092;24;70;0.99798;44256;0.69;45422;6
45300;0.6;0;45536;0.058;5;10;0.9977;43160;0.63;45392;6
45540;0.19;0.21;45474;0.045;57;135;0.99341;11749;0.44;45421;5
45389;0.36;0.34;45505;0.075;18;38;0.9933;13940;0.88;45456;7
45329;0.48;0.07;45417;0.089;10;18;0.99684;13575;0.68;45333;7
45420;0.28;0.35;45474;0.061;6;15;0.99524;45354;0.74;45515;7
8;0.25;0.43;45474;0.067;22;50;0.9946;13940;0.6;45546;6
45392;0.52;0.45;2;0.08;6;13;0.99774;44621;0.76;45393;6
45392;0.52;0.45;2;0.08;6;13;0.99774;44621;0.76;45393;6
45419;0.41;0.15;45476;0.104;29;94;0.99786;41699;0.58;45300;5
45330;0.51;0.24;2;0.079;16;86;0.99764;12479;0.64;45421;6
45358;0.4;0.3;45474;0.08;33;79;0.9969;15036;0.65;45421;6
45330;0.38;0.32;45414;0.08;24;71;0.99624;46447;0.85;11;6
45541;0.45;0.11;45384;0.043;6;12;0.99354;45354;0.65;45393;6
7;0.22;0.3;45505;0.065;16;20;0.99672;22341;0.82;10;6
45358;0.32;0.23;45353;0.066;35;70;0.99588;15766;0.62;45301;5
45330;0.2;0.43;45414;0.076;31;51;0.99672;19419;0.81;45392;6
45511;0.5;0.12;45505;0.178;6;21;0.996;46813;0.87;45513;6
10;0.41;0.45;45328;0.071;6;14;0.99702;44256;0.49;45515;7
45511;0.39;0.42;2;0.086;9;21;0.99526;14305;0.66;45454;6
10;0.35;0.47;2;0.061;6;11;0.99585;44986;0.52;12;6
45330;0.33;0.32;45506;0.067;4;12;0.99473;45354;0.76;45516;7
45297;0.58;0.23;45414;0.044;16;70;0.99352;16862;0.65;45424;6
45359;0.6;0.25;45324;0.118;9;38;0.99616;42064;0.53;45513;5
45452;0.42;0.35;45293;0.083;17;38;0.99622;44986;0.66;45302;6
45449;0.58;0;45324;0.1;50;63;0.99544;21610;0.68;45393;6
45359;0.6;0.25;45324;0.118;9;38;0.99616;42064;0.53;45513;5
45420;0.18;0.51;27395;0.071;45;88;0.99524;12114;0.76;45515;7
45296;0.51;0.18;45293;0.042;16;101;0.9924;16862;0.87;45547;7
45479;0.41;0.43;45506;0.076;22;54;0.99572;15401;42370;45453;6
45332;0.41;0.43;45324;0.11;11;37;0.99728;42430;0.67;45514;5
45453;0.36;0.57;45353;0.087;6;20;0.99676;41699;0.72;45302;7
45512;0.45;0.43;45383;0.076;12;21;0.99551;44256;0.75;45332;6
45420;0.32;0.42;45353;0.075;12;19;0.99434;41699;0.71;45515;7
9;0.785;0.24;45474;0.078;10;21;0.99692;47178;0.67;10;5
9;0.785;0.24;45474;0.078;10;21;0.99692;47178;0.67;10;5
45420;0.44;0.5;45536;0.369;15;38;0.99634;45294;45292;45391;5
45544;0.54;0.26;2;0.111;7;60;0.99709;34366;0.98;45332;5
45330;0.33;0.39;45414;0.074;29;48;0.99528;11749;0.88;45394;7
45418;0.34;0.27;45506;0.067;8;44;0.99384;44256;0.56;12;6
45450;0.5;0.29;45353;0.086;5;14;0.99502;11749;0.62;45423;6
45331;0.36;0.34;45444;0.062;5;12;0.99667;45325;0.67;45422;6
45298;0.59;0;45324;0.078;26;44;0.99522;15401;0.68;45514;6
45482;0.42;0.46;45293;0.074;5;16;0.99649;46447;0.74;45363;6
45450;0.36;0.31;45474;0.079;26;65;0.99716;16862;0.62;45421;6
45450;0.36;0.31;45474;0.079;26;65;0.99716;16862;0.62;45421;6
45418;0.61;0;45324;0.095;48;59;0.99541;22341;0.7;45423;6
45418;0.88;0.03;45448;0.079;23;47;0.99572;21245;0.5;45333;4
45298;0.66;0;45384;0.052;6;11;0.99318;12844;0.66;45485;7
45448;0.915;0;45293;0.041;17;78;0.99346;24898;0.73;45393;5
45330;0.35;0.33;45384;0.076;11;47;0.99599;46447;0.81;11;6
45330;0.35;0.33;45384;0.076;11;47;0.99599;46447;0.81;11;6
45513;0.39;0.43;23743;0.068;5;11;0.99478;43525;0.46;45393;5
45332;0.4;0.4;45414;0.068;41;54;0.99754;13940;0.86;45422;6
45510;0.66;0.07;45444;0.07;16;61;0.99572;47178;0.6;45360;5
45479;0.64;0.23;45293;0.08;11;119;0.99538;13210;0.7;45545;5
7;0.43;0.3;2;0.085;6;39;0.99346;12114;0.46;45546;6
45449;0.8;0.03;45511;0.079;6;12;0.9963;19054;0.5;45334;5
7;0.43;0.3;2;0.085;6;39;0.99346;12114;0.46;45546;6
45479;0.64;0.23;45293;0.08;11;119;0.99538;13210;0.7;45545;5
45512;0.955;0.05;45505;0.075;5;19;0.99616;45354;0.44;45452;4
45300;0.4;0.57;45447;0.08;6;20;0.99652;46813;0.57;45424;6
45418;0.885;0;45353;0.166;6;12;0.99551;20515;0.51;45514;5
45329;0.25;0.37;45414;0.063;11;41;0.99439;19054;0.8;45394;7
45388;0.885;0;45353;0.166;6;12;0.99551;20515;0.51;45514;5
7;0.745;0.12;45505;0.114;15;64;0.99588;44621;0.59;45421;6
45328;0.43;0.22;45505;0.078;21;56;0.99633;19054;0.6;45421;6
45542;0.58;0.23;45353;0.076;23;94;0.99686;44256;0.58;45421;6
45480;0.57;0.21;45413;0.069;4;9;0.99458;42430;0.54;45513;6
45480;0.26;0.26;2;0.052;19;77;0.9951;42064;0.79;45545;6
45542;0.58;0.23;45353;0.076;23;94;0.99686;44256;0.58;45421;6
45480;0.57;0.21;45413;0.069;4;9;0.99458;42430;0.54;45513;6
45542;0.34;0.36;45536;0.065;5;10;0.99419;46447;0.54;45333;7
45451;0.42;0.39;45505;0.068;6;12;0.99516;12844;0.69;45484;8
45544;0.74;0.19;45509;0.111;33;76;0.99878;41699;0.55;45391;5
45329;0.36;0.46;45293;0.074;24;44;0.99534;45385;0.85;11;7
45329;0.36;0.46;45293;0.074;24;44;0.99534;45385;0.85;11;7
45329;0.36;0.46;45293;0.074;24;44;0.99534;45385;0.85;11;7
45544;0.72;0.55;45474;0.136;24;52;0.99752;12844;0.94;10;5
45329;0.36;0.46;45293;0.074;24;44;0.99534;45385;0.85;11;7
45328;0.39;0.43;2;0.071;14;24;0.99428;16497;0.87;45333;7
45510;0.65;0.02;45293;0.078;8;15;0.99498;12844;0.62;45392;6
45449;0.44;0.15;45293;0.076;22;53;0.9957;11749;0.62;45360;5
45510;0.65;0.02;45293;0.078;8;15;0.99498;12844;0.62;45392;6
45452;0.38;0.42;45536;0.071;5;13;0.99659;42064;0.75;45422;6
45332;0.33;0.46;45536;0.081;6;9;0.99628;45294;0.48;45392;6
45512;0.27;0.46;45293;0.095;20;29;0.99488;46082;0.56;45362;6
45542;0.57;0.31;2;0.079;10;79;0.99677;47178;0.69;45421;6
45330;0.34;0.37;45536;0.057;43;74;0.99408;44986;0.81;12;6
45330;0.4;0.31;45536;0.082;8;24;0.996;45352;0.69;45453;6
9;0.39;0.4;45352;0.044;25;50;0.99478;45325;0.83;45545;6
45545;0.32;0.52;45505;0.132;17;44;0.99734;46813;0.77;45423;6
45545;0.32;0.52;45505;0.132;17;44;0.99734;46813;0.77;45423;6
45299;0.53;0.22;45324;0.078;33;89;0.99678;46082;0.46;45452;6
45422;0.36;0.47;45324;0.074;9;23;0.99638;44986;0.76;12;6
45455;0.39;0.49;45414;0.08;8;20;0.9992;45476;0.82;45361;6
45331;0.46;0.23;45445;0.091;18;77;0.99922;42064;0.51;45391;5
45419;0.58;0.03;45295;0.08;27;46;0.99592;45325;0.47;45331;5
9;0.58;0.25;2;0.104;8;21;0.99769;46447;0.72;45452;5
45296;0.42;0;45505;0.044;18;88;0.99157;24898;0.73;45456;7
45450;0.43;0.29;45293;0.075;19;66;0.99718;45385;0.64;45421;5
45480;0.18;0.34;45475;0.066;15;58;0.9947;13575;0.78;45515;6
45511;0.815;0.01;45445;0.074;48;90;0.99621;13940;0.62;45514;5
45450;0.43;0.29;45293;0.075;19;66;0.99718;45385;0.64;45421;5
45332;0.23;0.37;45324;0.057;14;36;0.99614;44986;0.49;45360;4
45298;0.75;0.01;45324;0.059;11;18;0.99242;14305;0.4;45516;6
6;0.33;0.32;45547;0.054;6;113;0.99572;45354;0.56;45423;4
45511;0.55;0;45474;0.07;7;17;0.99659;46082;0.64;45391;6
45298;0.75;0.01;45324;0.059;11;18;0.99242;14305;0.4;45516;6
45299;0.73;0;45414;0.081;12;24;0.99798;13940;0.46;45452;4
45418;0.67;0;45355;0.057;11;20;0.99488;16497;0.56;45515;4
45419;0.61;0.2;45474;0.076;36;60;0.99494;45294;0.4;45360;5
45513;0.37;0.39;45414;0.079;28;65;0.99729;42430;0.59;45513;5
9;0.4;0.41;2;0.058;15;40;0.99414;44621;0.6;45334;6
45359;0.56;0.22;45384;0.082;10;86;0.9983;13575;0.62;45421;5
45540;0.29;0.25;45395;0.067;72;160;0.99721;12114;0.54;45361;6
45389;0.55;0.19;45505;0.082;15;34;0.99655;17958;0.68;45422;5
45389;0.74;0.07;45474;0.086;15;48;0.99502;45629;0.48;10;5
45389;0.55;0.19;45505;0.082;15;34;0.99655;17958;0.68;45422;5
45541;0.41;0.33;45324;0.081;22;36;0.9949;15036;0.75;45302;6
45298;0.6;0.01;45353;0.079;24;37;0.99514;45385;0.61;45545;6
45298;0.6;0.01;45353;0.079;24;37;0.99514;45385;0.61;45545;6
45419;0.58;0.14;45324;0.077;27;60;0.9963;46813;0.59;45513;5
45298;0.72;0;45505;0.123;6;14;0.99627;16497;0.58;45513;5
45542;0.66;0;45383;0.096;6;13;0.99569;15766;0.58;45421;5
45511;0.7;0.06;45536;0.079;20;35;0.99628;45385;0.69;45545;5
45297;0.64;0.02;45384;0.069;26;46;0.99358;17227;0.45;11;5
45419;0.59;0.22;45505;0.082;43;60;0.99499;45294;0.42;45331;5
7;0.58;0.28;45508;0.085;12;69;0.99633;11749;0.7;11;6
45510;0.64;0;45475;0.123;15;33;0.99538;16132;0.63;45362;6
45510;0.64;0;45475;0.123;15;33;0.99538;16132;0.63;45362;6
45451;0.635;0.68;45505;0.403;19;56;0.99632;45325;42005;45360;5
45357;45323;0;2;0.083;17;24;0.99437;21610;0.55;45333;4
45513;0.45;0.38;45414;0.081;34;66;0.99726;42064;0.58;45513;5
45330;0.78;0;45324;0.089;13;26;0.9978;13575;0.46;45452;4
45420;0.37;0.32;45505;0.066;26;51;0.99456;13940;0.72;45515;6
45329;0.57;0.05;45353;0.081;16;36;0.99564;13940;0.6;45361;6
45329;0.57;0.05;45353;0.081;16;36;0.99564;13940;0.6;45361;6
45392;0.43;0.5;45353;0.068;13;19;0.996;45294;0.87;45393;6
45541;0.41;0.31;2;0.079;21;51;0.99668;17227;0.55;45421;6
45417;0.49;0.03;45505;0.044;28;87;0.9908;45415;0.82;14;8
5;0.38;0.01;45444;0.048;26;60;0.99084;45476;0.75;14;6
45358;0.44;0.2;45444;0.049;24;64;0.9935;13940;0.57;45484;6
45540;0.46;0;45536;0.077;25;44;0.99385;45415;0.53;45333;5
45419;0.58;0.2;2;0.073;34;44;0.99494;45294;0.43;45360;5
45511;0.58;0.13;45293;0.102;17;36;0.9944;45352;0.53;45333;6
8;0.715;0.22;45353;0.075;13;81;0.99688;45352;0.54;45421;6
45420;0.4;0.4;45357;0.05;3;10;0.99566;46813;0.56;12;4
7;0.69;0;45536;0.114;3;10;0.99636;12844;0.6;45482;6
8;0.715;0.22;45353;0.075;13;81;0.99688;45352;0.54;45421;6
45513;0.3;0.39;45474;0.062;3;9;0.9948;41699;0.57;45423;7
45298;0.46;0.2;45536;0.077;28;54;0.9956;13575;0.64;45392;6
45298;0.46;0.2;45536;0.077;28;54;0.9956;13575;0.64;45392;6
45542;0.765;0;2;0.084;9;22;0.99619;12114;0.68;45545;6
45481;0.63;0.28;45475;0.096;17;69;0.99734;46082;0.63;45332;6
7;0.42;0.19;45353;0.071;18;36;0.99476;14305;0.56;45545;5
45362;0.37;0.5;45505;0.09;20;47;0.99734;42064;0.57;45422;5
45298;0.16;0.44;45414;0.068;17;31;0.99328;12844;0.54;45394;6
8;0.6;0.08;45445;0.056;3;7;0.99286;44621;0.37;13;5
7;0.6;0.3;45416;0.068;20;110;0.99914;45354;42736;45332;5
7;0.6;0.3;45416;0.068;20;110;0.99914;45354;42736;45332;5
45450;0.74;0;45536;0.1;6;12;0.99521;13210;0.59;11;5
45330;0.635;0.1;45293;0.073;25;60;0.99638;47178;0.75;45545;6
45540;0.395;0.13;45384;0.056;14;28;0.99362;22706;0.67;45394;6
45419;0.755;0;45536;0.084;6;12;0.99672;12479;0.49;45482;4
45330;0.635;0.1;45293;0.073;25;60;0.99638;47178;0.75;45545;6
45449;0.63;0;45355;0.093;51;77.5;0.99558;45325;0.45;45421;5
45449;0.63;0;45355;0.093;51;77.5;0.99558;45325;0.45;45421;5
45329;0.53;0.14;45293;0.064;15;29;0.99323;12844;0.61;45303;6
45478;0.6;0;45383;0.063;11;18;0.99191;16497;0.56;45334;6
45450;21186;0;45293;0.137;5;9;0.99476;45415;0.4;45545;3
45327;0.645;0;42036;0.08;15;28;0.99444;28550;0.61;45424;6
45479;0.86;0.07;2;0.1;20;57;0.99598;45446;0.74;45484;6
45300;0.37;0.32;45293;0.064;4;15;0.99576;45354;0.8;45333;6
8;0.28;0.44;45505;0.081;28;68;0.99501;13210;0.66;45333;5
45450;0.79;0.21;45353;0.087;21;68;0.9955;45629;0.44;45331;5
45419;0.61;0.26;45536;0.073;24;88;0.99612;45354;0.53;45513;5
45482;0.69;0.32;45414;0.088;22;91;0.9979;47178;0.62;45301;5
45510;0.68;0.09;45538;0.068;15;29;0.99524;15036;0.52;45302;4
45482;0.69;0.32;45414;0.088;22;91;0.9979;47178;0.62;45301;5
7;0.62;0.1;45383;0.071;27;63;0.996;46813;0.61;45331;5
45419;0.61;0.26;45536;0.073;24;88;0.99612;45354;0.53;45513;5
45418;0.51;0.15;3;0.064;12;27;0.9929;12114;0.59;45516;6
8;43101;0.21;45536;0.083;14;41;0.99532;12479;0.47;45422;5
7;0.36;0.21;45353;0.086;20;65;0.99558;45385;0.54;45301;6
7;0.36;0.21;45384;0.086;24;69;0.99556;45385;0.53;45301;6
45419;0.63;0.27;2;0.083;17;91;0.99616;46082;0.58;45513;6
45387;0.74;0;45323;0.041;16;46;0.99258;45295;0.59;45424;6
45544;0.44;0.46;45324;0.091;10;41;0.99638;43160;0.69;45546;6
45419;0.63;0.27;2;0.083;17;91;0.99616;46082;0.58;45513;6
45300;0.76;0.68;45474;0.414;18;64;0.99652;45537;12055;45300;6
45482;0.66;0.34;45445;0.094;12;88;0.99796;46082;0.66;45301;5
5;0.74;0;45323;0.041;16;46;0.99258;45295;0.59;45424;6
45300;0.34;0.42;45505;0.058;9;18;0.99392;43160;0.55;45393;5
45300;0.36;0.39;45505;0.06;21;55;0.99495;43160;0.82;11;7
45479;0.46;0.24;45474;0.077;18;34;0.9948;14305;0.6;45453;6
45479;0.46;0.24;45474;0.077;18;34;0.9948;14305;0.6;45453;6
45479;0.46;0.24;45474;0.077;18;34;0.9948;14305;0.6;45453;6
45479;0.46;0.24;45474;0.077;18;34;0.9948;14305;0.6;45453;6
45418;0.52;0.11;45505;0.073;13;38;0.9955;12479;0.52;45360;5
45389;0.6;0.26;45293;0.083;17;91;0.99616;47178;0.56;45513;6
45389;0.6;0.26;45293;0.083;17;91;0.99616;47178;0.56;45513;6
45511;0.87;0.26;45507;0.107;31;67;0.99668;46082;0.46;45331;5
45390;0.39;0.1;45474;0.075;6;25;0.99581;45538;0.43;45482;6
45300;0.775;0.22;45324;0.079;12;48;0.9976;43160;0.51;45452;5
45329;0.835;0;2;0.166;4;11;0.99608;14305;0.52;10;5
45449;0.58;0.02;45384;0.069;19;40;0.99387;13940;0.66;45455;6
6;0.5;0;45383;0.057;15;26;0.99448;13210;0.45;45421;5
6;0.5;0;45383;0.057;15;26;0.99448;13210;0.45;45421;5
6;0.5;0;45383;0.057;15;26;0.99448;13210;0.45;45421;5
45419;0.51;0.02;45474;0.084;13;31;0.99538;13210;0.54;45422;6
45419;0.51;0.02;45474;0.084;13;31;0.99538;13210;0.54;45422;6
45419;0.51;0.02;45474;0.084;13;31;0.99538;13210;0.54;45422;6
45450;0.54;0.02;45474;0.085;17;31;0.99589;13575;0.51;45392;6
45419;0.51;0.02;45474;0.084;13;31;0.99538;13210;0.54;45422;6
45423;0.42;0.48;45445;0.077;8;20;0.99852;45538;0.53;11;5
45330;0.44;0.24;45353;0.063;10;28;0.99613;45717;0.53;45332;6
45297;0.59;0.01;45293;0.056;5;13;0.99472;19054;0.56;45393;5
45329;0.655;0.03;45505;0.078;7;12;0.99587;12479;0.39;45421;5
45329;0.655;0.03;45505;0.078;7;12;0.99587;12479;0.39;45421;5
45541;0.57;0;45506;0.081;21;41;0.99518;15036;0.52;45514;5
9;0.6;0.29;2;0.069;32;73;0.99654;12479;0.57;10;5
45329;0.62;0.01;45353;0.065;8;46;0.99332;11749;0.51;45515;6
45450;0.645;0.03;45536;0.086;14;57;0.9969;13575;0.46;45361;5
45450;0.645;0.03;45536;0.086;14;57;0.9969;13575;0.46;45361;5
45329;0.58;0.03;45353;0.077;7;28;0.99568;12844;0.52;10;5
45297;0.32;0.25;45505;0.086;5;32;0.99464;13210;0.44;45301;5
45297;0.34;0.25;45505;0.084;4;28;0.99464;13210;0.44;45301;5
45358;0.43;0.24;45414;0.078;27;67;0.99648;45446;0.59;45302;6
45389;0.64;0.17;45387;0.168;52;98;0.99736;46813;0.5;45421;5
45454;0.475;0.4;45383;0.091;6;28;0.99704;45476;0.65;10.0333333333333;6
45331;0.54;0.31;45353;0.112;11;38;0.99699;45352;0.56;45545;5
45359;0.85;0.14;45414;0.093;13;54;0.99724;13210;0.54;45301;5
45454;0.475;0.4;45383;0.091;6;28;0.99704;45476;0.65;10.0333333333333;6
8;0.83;0.27;2;0.08;11;63;0.99652;47178;0.48;45513;4
45329;0.605;0.02;45536;0.096;10;31;0.995;16862;0.53;45515;6
45511;0.5;0.09;45324;0.115;10;42;0.9971;43160;0.62;45421;5
45358;0.74;0.08;45474;0.094;10;45;0.99576;45352;0.5;45513;5
45541;0.54;0.3;45324;0.088;9;105;0.99725;45717;43101;45422;6
8;0.77;0.32;45293;0.079;16;74;0.99656;46447;0.5;45513;6
45449;0.61;0;45444;0.069;4;8;0.99396;12114;0.37;45392;4
45481;0.78;0.51;45474;0.415;12;66;0.99623;3;42736;45331;5
45419;0.58;0.56;45294;0.153;5;14;0.99476;44256;45352;45454;6
45481;0.78;0.51;45474;0.415;12;66;0.99623;3;42736;45331;5
45480;0.75;0.27;45507;0.11;34;89;0.99664;45352;0.45;45360;5
45510;0.815;0;45323;0.267;16;29;0.99471;11749;0.51;45513;3
45329;0.56;0.26;2;0.083;13;100;0.99586;46082;0.52;45544;5
45330;0.885;0.2;45383;0.086;7;31;0.9946;45599;0.46;10;5
45327;0.49;0.26;45353;0.09;23;74;0.9953;25993;0.62;45334;6
45329;0.45;0.15;2;0.078;10;28;0.99609;47178;0.51;45544;6
45419;0.57;0.02;45445;0.077;11;35;0.99557;13210;0.62;45514;6
45419;0.57;0.02;45445;0.077;11;35;0.99557;13210;0.62;45514;6
45510;0.83;0.09;45505;0.074;4;25;0.99534;13940;0.45;45452;5
8;0.6;0.22;45293;0.08;25;105;0.99613;45354;0.49;45544;5
8;0.6;0.22;45293;0.08;25;105;0.99613;45354;0.49;45544;5
45298;0.755;0.15;45505;0.107;20;84;0.99593;43525;0.5;45421;5
8;0.81;0.25;45385;0.076;34;85;0.99668;43525;0.42;45331;5
45389;0.64;0.07;45505;0.1;8;23;0.9961;45354;0.58;45452;5
45389;0.64;0.07;45505;0.1;8;23;0.9961;45354;0.58;45452;5
45449;0.64;0.31;45297;0.083;7;49;0.99718;12844;0.68;45361;5
45479;0.48;0.02;45324;0.08;36;111;0.99524;45294;0.53;45482;5
6;0.49;0;45353;0.068;15;33;0.99292;21245;0.59;45424;6
8;0.64;0.22;45384;0.094;5;33;0.99612;13575;0.58;11;5
45298;0.62;0.06;45352;0.07;5;12;0.9942;42795;0.48;45513;5
8;0.52;0.25;2;0.078;19;59;0.99612;45354;0.48;45332;5
45388;0.57;0.14;45538;0.07;27;73;0.99669;11749;0.48;45331;5
45451;0.685;0.1;45444;0.092;3;12;0.99745;11383;0.65;20333;6
45481;0.675;0.1;45444;0.09;4;11;0.99745;11383;0.65;20333;5
45358;0.59;0.26;2;0.08;17;104;0.99584;46813;0.52;45544;5
7;0.6;0.12;45324;0.083;13;28;0.9966;19054;0.62;45332;7
45329;0.67;0;45324;0.068;10;24;0.9956;15401;0.72;45302;6
45542;0.69;0.21;45293;0.08;33;141;0.9962;45717;0.51;45544;5
45542;0.69;0.21;45293;0.08;33;141;0.9962;45717;0.51;45544;5
45450;0.3;0.42;2;0.052;6;24;0.9963;16132;0.82;45546;6
45329;0.33;0.33;45474;0.061;3;13;0.996;44986;45292;10;8
8;0.5;0.39;45445;0.082;12;46;0.9985;15766;0.62;45483;6
45480;0.28;0.3;2;0.062;18;34;0.9952;46813;0.9;45362;7
45330;0.24;0.34;45296;0.062;8;22;0.9974;44621;0.94;45545;6
6;0.51;0;45293;0.064;40;54;0.995;19784;0.93;45483;6
45299;0.29;0.36;45324;0.048;35;53;0.995;46447;45292;45394;7
6;0.51;0;45293;0.064;40;54;0.995;19784;0.93;45483;6
45449;0.96;0;45505;0.082;5;16;0.9936;45415;0.44;45546;6
45388;0.47;0.4;45384;0.071;8;19;0.9963;20515;0.73;45453;6
45330;0.24;0.34;45296;0.062;8;22;0.9974;44621;0.94;45545;6
45544;0.57;0.25;2;0.104;12;89;0.9963;45385;0.9;45301;5
10;0.32;0.59;45324;0.077;3;15;0.9994;45325;0.78;45452;5
45328;0.58;0;45444;0.065;8;18;0.9966;20515;0.84;45391;5
10;0.32;0.59;45324;0.077;3;15;0.9994;45325;0.78;45452;5
45358;0.34;0.33;45414;0.064;21;37;0.9952;12844;0.77;45303;7
45511;0.53;0.01;45444;0.077;3;19;0.995;42430;0.46;45513;5
45480;0.64;0.21;45324;0.077;32;133;0.9956;46447;0.45;45544;5
45511;0.53;0.01;45444;0.077;3;19;0.995;42430;0.46;45513;5
45419;0.4;0.18;45444;0.079;24;58;0.9965;12479;0.58;45391;5
7;0.54;0;45293;0.079;39;55;0.9956;14305;0.84;45393;6
45388;0.53;0.09;45538;0.123;14;31;0.9968;45415;0.67;11;4
45359;0.26;0.37;45383;0.076;8;23;0.9974;46082;0.7;45452;6
45359;0.26;0.37;45383;0.076;8;23;0.9974;46082;0.7;45452;6
45480;0.23;0.37;45505;0.046;23;60;0.9971;15036;0.71;45303;6
45450;0.41;0.33;45414;0.078;6;23;0.9957;45354;0.58;45333;5
45511;0.64;0;45536;0.072;27;55;0.9962;11383;0.63;11;5
45542;0.18;0.4;45324;0.049;38;67;0.996;12114;0.93;45362;5
45389;0.41;0.24;45505;0.066;18;47;0.9956;13575;0.62;45392;5
45450;0.43;0.31;45293;0.069;13;74;0.9958;46082;0.54;45544;6
45540;0.44;0;45444;0.042;3;11;0.9944;17593;0.85;45484;6
45297;0.4;0.16;45505;0.069;11;25;0.9955;15401;0.74;45301;7
45332;0.54;0.37;45397;0.214;55;95;1.00369;43160;0.77;9;6
45332;0.54;0.37;45397;0.214;55;95;1.00369;43160;0.77;9;6
10;0.38;0.38;45444;0.169;27;90;0.99914;42064;0.65;45420;5
45510;0.915;0.29;45508;0.07;15;39;0.99577;19419;0.54;45302;5
7;0.59;0;45474;0.052;3;8;0.996;15036;0.47;45361;5
45358;0.67;0.02;45324;0.072;31;92;0.99566;11749;0.68;11.0666666666667;6
45329;0.37;0.32;2;0.062;15;28;0.9947;44986;0.73;45362;7
45389;0.785;0.19;45327;0.094;19;98;0.99713;42430;0.52;9.56666666666667;6
45541;0.63;0.02;45536;0.078;18;30;0.99712;45385;0.75;45513;5
45541;0.58;0.2;27395;0.058;8;22;0.99322;13940;0.49;45484;5
45358;0.67;0.02;45324;0.072;31;92;0.99566;11749;0.68;45302;6
45389;0.785;0.19;45327;0.094;19;98;0.99713;42430;0.52;45452;6
45541;0.63;0.02;45536;0.078;18;30;0.99712;45385;0.75;45513;5
45510;0.67;0;45536;0.08;22;39;0.99701;45385;0.74;45482;5
45541;0.58;0.01;45536;0.08;40;54;0.99683;45385;0.73;45482;5
45329;0.38;0.31;2;0.056;15;29;0.99472;44986;0.76;45362;8
45329;0.37;0.32;2;0.062;15;28;0.9947;44986;0.73;45362;7
45511;0.32;0.44;45475;0.104;8;17;0.99732;12114;0.78;11;7
45449;0.58;0.02;2;0.062;37;53;0.99374;12844;0.76;45454;7
45450;0.49;0.33;45536;0.074;27;85;0.99706;15036;0.58;9;5
45484;0.45;0.63;45324;0.073;7;23;0.99974;44256;0.69;45545;6
45418;0.9;0;45444;0.052;9;17;0.99467;45415;0.63;45545;6
6;0.54;0.06;45505;0.05;38;89;0.99236;45354;0.5;20363;6
45450;0.49;0.33;45536;0.074;27;85;0.99706;15036;0.58;9;5
45390;0.29;0.4;45474;0.067;8;20;0.99603;14305;0.6;45422;5
45542;0.2;0.35;45474;0.054;7;15;0.99458;11749;0.8;45546;7
45388;0.42;0.09;45353;0.054;34;64;0.99724;15036;0.68;45392;6
45328;0.785;0;45293;0.06;6;13;0.99664;21610;0.61;10;4
45510;0.64;0.03;45353;0.075;14;31;0.99545;13210;0.58;45392;6
45541;0.63;0.01;45384;0.076;14;39;0.99522;12479;0.53;45514;6
45510;0.59;0.1;45474;0.063;34;53;0.9958;15036;0.67;45482;5
45510;0.59;0.1;45474;0.063;34;53;0.9958;15036;0.67;45482;5
45358;0.48;0.32;45293;0.062;31;54;0.99728;45354;0.65;10;7
45479;45383;0.08;45353;0.067;19;32;0.99648;19054;0.57;11;4
45358;0.48;0.32;45293;0.062;31;54;0.99728;45354;0.65;10;7
45358;0.98;0.05;45293;0.061;20;49;0.99705;11383;0.55;45482;3
10;0.69;0.11;45383;0.084;8;24;0.99578;32174;0.47;45482;5
45479;0.7;0.08;27454;0.067;8;16;0.99334;15766;0.52;45455;5
45450;0.35;0.6;45445;0.073;23;44;0.99656;13940;0.79;45302;6
45297;0.6;0.08;45505;0.071;14;45;0.99336;13940;0.54;11;5
45544;0.5;0.5;45517;0.205;48;82;1.00242;42430;0.75;45512;5
45356;0.47;0.11;45324;0.048;16;89;0.99182;19784;0.88;13.5666666666667;7
45544;0.5;0.5;45517;0.205;48;82;1.00242;42430;0.75;45512;5
45356;0.47;0.11;45324;0.048;16;89;0.99182;19784;0.88;45456;7
45298;0.875;0.05;45478;0.082;3;14;0.99808;45385;0.52;45332;3
45330;0.28;0.6;3;0.104;10;22;0.99828;14305;0.68;45453;5
45448;0.62;0.03;45413;0.08;6;13;0.99498;24167;0.62;45301;4
45330;0.28;0.6;3;0.104;10;22;0.99828;14305;0.68;45453;5
45329;0.58;0.54;45293;0.114;3;9;0.99719;12114;0.57;45361;4
45299;0.33;0.44;45413;0.042;6;12;0.99542;12844;0.61;45483;5
45510;0.91;0.06;2;0.06;4;11;0.99592;19419;0.64;45545;4
7;0.655;0.16;45293;0.074;8;25;0.99606;13575;0.55;45482;5
45510;0.68;0.21;45293;0.07;9;23;0.99546;13940;0.6;45361;5
6;0.64;0.05;45536;0.066;9;17;0.99496;19054;0.78;45453;5
45448;0.54;0.04;45474;0.049;5;13;0.9942;26359;0.58;45393;5
45328;0.57;0.1;45293;0.048;4;11;0.99448;16132;0.76;45514;6
45298;0.22;0.49;45505;0.039;8;18;0.99344;14305;0.56;45394;6
45448;0.54;0.04;45474;0.049;5;13;0.9942;26359;0.58;45393;5
45328;0.65;0.06;45444;0.05;6;18;0.99348;20880;0.54;35004;5
45480;0.54;0.26;45536;0.089;23;147;0.99636;46082;0.59;45482;5
45388;0.31;0.09;45383;0.066;15;28;0.99459;15401;0.7;10;7
7;0.43;0.02;45536;0.08;15;28;0.99492;12844;0.81;45453;6
45480;0.54;0.26;45536;0.089;23;147;0.99636;46082;0.59;45482;5
45541;0.74;0.03;45353;0.054;7;16;0.99508;16497;0.63;45423;6
45449;0.895;0.04;45353;0.068;7;13;0.99582;19419;0.58;45514;6
45541;0.74;0.03;45353;0.054;7;16;0.99508;16497;0.63;45423;6
45419;0.725;0.04;45413;0.076;8;15;0.99508;46082;0.53;45452;5
45511;0.82;0.29;45355;0.083;21;64;0.99642;42430;0.53;45391;5
45358;0.585;0.18;45384;0.078;15;60;0.99638;11383;0.54;45513;5
45328;0.44;0.39;45414;0.077;6;14;0.99555;18688;0.69;11;6
45419;0.38;0.57;45353;0.106;5;12;0.99605;13210;0.55;45393;6
45479;0.76;0.02;45505;0.078;6;12;0.996;20149;0.63;34943;3
45510;0.81;0.05;2;0.07;6;14;0.99562;18688;0.66;45514;6
45419;0.38;0.57;45353;0.106;5;12;0.99605;13210;0.55;45393;6
45298;0.27;0.6;45293;0.074;17;25;0.99814;13940;0.72;45453;6
45542;0.18;0.4;45505;0.062;7;20;0.9941;46813;0.7;45302;5
45388;0.36;0.21;45324;0.047;26;48;0.99661;17227;0.77;45482;6
45298;0.69;0.04;45293;0.068;19;27;0.99712;16132;0.67;45513;5
45388;0.79;0.04;45324;0.061;11;17;0.99588;19419;0.65;45392;6
45388;0.56;0.15;45505;0.078;17;65;0.99294;12114;0.6;45422;6
45541;0.84;0.21;45295;0.074;16;65;0.99842;19419;0.72;9.23333333333333;6
45541;0.84;0.21;45295;0.074;16;65;0.99842;19419;0.72;45901;6
45297;0.32;0.25;45353;0.071;23;58;0.99633;15401;0.97;45453;5
45418;0.53;0.06;2;0.063;29;44;0.99489;13940;0.83;45361;6
45389;0.47;0.46;45324;0.114;7;20;0.99647;11749;0.63;45422;5
45449;0.7;0.08;45445;0.106;14;27;0.99665;16132;0.58;45332;5
45418;0.53;0.06;2;0.063;29;44;0.99489;13940;0.83;45361;6
45541;0.48;0.2;45536;0.082;9;23;0.99585;14305;0.43;45421;4
45297;0.32;0.25;45353;0.071;23;58;0.99633;15401;0.97;45453;5
45510;0.48;0.25;2;0.076;29;61;0.9953;12479;0.6;45392;5
6;0.42;0.19;2;0.075;22;47;0.99522;14305;0.78;10;6
45479;0.48;0.08;45293;0.064;18;34;0.99552;12114;0.64;45482;5
45510;0.47;0.08;45324;0.064;18;38;0.99553;45354;0.65;45452;6
45298;0.53;0.07;45474;0.071;15;24;0.9951;47178;0.66;45514;6
45542;0.29;0.49;45324;0.096;21;59;0.99714;11383;0.67;45301;6
45298;0.69;0.08;45293;0.063;42;52;0.99608;15401;0.6;45332;6
45449;0.44;0.09;45324;0.063;9;18;0.99444;15401;0.69;45362;6
45297;0.705;0.1;45506;0.081;13;28;0.99631;45446;0.66;45332;5
45329;0.53;0.13;2;0.058;18;22;0.99573;44256;0.68;45544;6
8;0.39;0.3;45536;0.074;32;84;0.99717;14305;0.61;9;5
45449;0.56;0.14;45384;0.064;13;29;0.99397;15401;0.62;45484;7
7;0.55;0.13;45324;0.075;15;35;0.9959;13210;0.59;45482;6
45297;0.53;0.08;45536;0.077;24;45;0.99528;45446;0.68;45361;6
45387;0.58;0.08;45536;0.059;20;31;0.99484;45415;0.64;45332;6
45328;0.64;0.09;45414;0.081;15;26;0.99538;20880;0.63;12;5
45329;0.39;0.32;45505;0.065;34;60;0.99714;16862;0.78;45544;5
45328;0.52;0.08;45386;0.071;11;32;0.99646;20515;0.63;45454;6
45389;0.25;0.29;45324;0.054;19;49;0.99666;45385;0.76;45545;7
45479;0.855;0.02;45536;0.064;29;38;0.99472;45354;0.56;27668;6
45302;0.44;0.42;45324;0.064;14;19;0.99758;45717;0.57;45392;6
45390;0.37;0.43;45353;0.063;12;19;0.9955;42795;0.81;45333;7
45418;0.63;0.33;45505;0.059;16;28;0.99531;13210;0.64;45301;6
7;0.57;0.02;2;0.072;17;26;0.99575;13210;0.61;45332;5
45357;0.6;0.1;45444;0.048;12;26;0.99306;20149;0.51;45303;5
45333;0.4;0.5;2;0.099;19;50;0.99783;45294;0.58;45392;5
45389;0.36;0.3;45505;0.074;17;24;0.99419;45352;0.7;45393;8
45298;0.68;0;45353;0.087;17;26;0.99783;16497;0.53;45421;5
45298;0.67;0;45353;0.083;18;27;0.99768;16132;0.54;45391;5
45357;0.68;0.01;45476;0.103;32;54;0.99586;18688;0.66;45362;6
45358;0.735;0;45324;0.08;18;28;0.99765;15036;0.6;45391;5
45449;0.855;0.02;45384;0.062;15;23;0.99627;19784;0.6;11;6
7;0.56;0.17;45474;0.065;15;24;0.99514;16132;0.68;20363;7
45449;0.88;0.04;45324;0.066;12;20;0.99636;19419;0.56;45544;5
45449;0.855;0.02;45384;0.062;15;23;0.99627;19784;0.6;11;6
45541;0.63;0.33;45479;0.235;66;115;0.99787;44621;0.56;45421;5
45511;0.6;0.26;2;0.08;31;131;0.99622;44256;0.52;45544;5
45511;0.6;0.26;2;0.08;31;131;0.99622;44256;0.52;45544;5
45511;0.6;0.26;2;0.08;31;131;0.99622;44256;0.52;45544;5
45329;0.695;0.13;2;0.076;12;20;0.99546;47178;0.54;45301;5
45329;0.695;0.13;2;0.076;12;20;0.99546;47178;0.54;45301;5
45329;0.695;0.13;2;0.076;12;20;0.99546;47178;0.54;45301;5
45479;0.67;0.02;45536;0.061;26;42;0.99489;14305;0.82;45545;6
45479;0.16;0.64;45293;0.059;24;52;0.99494;12479;0.71;45333;6
45329;0.695;0.13;2;0.076;12;20;0.99546;47178;0.54;45301;5
7;0.56;0.13;45444;0.077;25;42;0.99629;12479;0.59;45331;5
45328;0.51;0.14;45536;0.056;15;34;0.99396;17593;0.57;45423;6
45388;0.36;0.53;45324;0.23;19;35;0.9934;13575;0.93;45394;6
45388;0.38;0.14;45324;0.038;15;25;0.99514;16132;0.65;45302;6
45358;0.69;0.32;45324;0.069;35;104;0.99632;12114;0.51;45421;5
6;0.58;0.2;45384;0.075;15;50;0.99467;21245;0.67;45424;6
45448;0.31;0.78;45548;0.074;23;92;0.99677;14305;0.48;45422;6
45419;0.52;0.4;45324;0.06;12;20;0.99474;46082;0.64;45515;6
8;0.3;0.63;45444;0.081;16;29;0.99588;45354;0.78;45514;6
45328;0.7;0.15;45296;0.076;13;27;0.99622;19784;0.6;45546;6
45510;0.67;0.15;45505;0.118;13;20;0.9954;15401;0.67;45362;6
45328;0.56;0.09;45474;0.053;24;32;0.99402;19784;0.6;45362;5
45389;0.35;0.33;45384;0.068;9;26;0.9947;13210;0.6;45546;6
45328;0.56;0.09;45474;0.053;24;32;0.99402;19784;0.6;45362;5
45297;0.715;0.1;45445;0.053;13;27;0.99362;20880;0.5;45546;5
45328;0.46;0.29;45293;0.074;32;98;0.99578;12114;0.62;45513;5
45479;0.32;0.44;45384;0.061;24;34;0.99484;47178;0.8;45454;7
45329;0.39;0.44;45445;0.066;22;48;0.99494;45354;0.84;45423;6
45419;0.31;0.41;45384;0.065;34;60;0.99492;12479;0.85;45393;6
45509;0.61;0.11;45505;0.066;18;28;0.99483;20149;0.66;45545;6
45329;0.66;0.33;45414;0.068;34;102;0.99414;46447;0.78;45516;6
45449;0.725;0.2;45511;0.073;29;79;0.9977;47178;0.54;45331;5
45357;0.55;0.15;45505;0.077;26;35;0.99314;11749;0.82;45454;6
45387;0.74;0.09;45474;0.089;16;26;0.99402;24532;0.56;45454;6
45357;0.51;0.13;45353;0.076;29;40;0.99574;15401;0.75;11;6
45510;0.62;0.08;45536;0.068;28;38;0.99651;15401;0.82;45421;6
45328;0.6;0.08;2;0.09;32;44;0.9949;16497;0.58;45422;5
45540;0.55;0.1;45324;0.062;39;51;0.99512;19054;0.76;45333;6
45357;0.51;0.13;45353;0.076;29;40;0.99574;15401;0.75;11;6
45540;0.645;0.12;2;0.075;32;44;0.99547;20880;0.71;45332;5
6;0.31;0.47;45446;0.067;18;42;0.99549;14305;0.66;11;6
